Date,Electeicity Demand
1999/1/1,147428.74
1999/1/2,152624.12
1999/1/3,157366.06
1999/1/4,186440.5283
1999/1/5,194046.2867
1999/1/6,194010.4383
1999/1/7,194567.705
1999/1/8,188090.8617
1999/1/9,164695.2033
1999/1/10,157954.1017
1999/1/11,193744.7633
1999/1/12,191773.05
1999/1/13,195487.4933
1999/1/14,183175.3933
1999/1/15,183324.3817
1999/1/16,170697.3767
1999/1/17,162848.4267
1999/1/18,193987.79
1999/1/19,199114.1733
1999/1/20,184319.1817
1999/1/21,180756.69
1999/1/22,180581.015
1999/1/23,163937.3566
1999/1/24,155949.58
1999/1/25,176904.0833
1999/1/26,163183.2183
1999/1/27,184487.2867
1999/1/28,188181.4933
1999/1/29,190828.3667
1999/1/30,163919.4083
1999/1/31,153260.83
1999/2/1,177876.405
1999/2/2,184181.4183
1999/2/3,184932.8217
1999/2/4,185737.5717
1999/2/5,183988.41
1999/2/6,169578.4267
1999/2/7,159455.2267
1999/2/8,177210.0166
1999/2/9,184497.9684
1999/2/10,184699.3917
1999/2/11,188039.47
1999/2/12,186363.41
1999/2/13,168280.2534
1999/2/14,163228.955
1999/2/15,200012.515
1999/2/16,201177.5017
1999/2/17,203484.82
1999/2/18,187611.28
1999/2/19,177632.4717
1999/2/20,159940.0767
1999/2/21,154808.0067
1999/2/22,182041.73
1999/2/23,185319.0233
1999/2/24,182334.92
1999/2/25,180675.5783
1999/2/26,178894.885
1999/2/27,161836.5783
1999/2/28,154333.56
1999/3/1,180662.3967
1999/3/2,186144.0633
1999/3/3,191576.6867
1999/3/4,195407.0783
1999/3/5,190197.6183
1999/3/6,174998.5083
1999/3/7,156254.4934
1999/3/8,177137.64
1999/3/9,181379.9633
1999/3/10,184404.525
1999/3/11,183080.84
1999/3/12,183875.6617
1999/3/13,165876.785
1999/3/14,158663.84
1999/3/15,182511.1867
1999/3/16,186629.3733
1999/3/17,185457.7317
1999/3/18,185637.5517
1999/3/19,182844.5917
1999/3/20,165420.68
1999/3/21,159519.1967
1999/3/22,183153.79
1999/3/23,178311.045
1999/3/24,179145.1933
1999/3/25,185265.8683
1999/3/26,191934.5883
1999/3/27,173827.36
1999/3/28,154369.8117
1999/3/29,175582.7117
1999/3/30,180641.36
1999/3/31,183355.5467
1999/4/1,180508.6483
1999/4/2,155175.3283
1999/4/3,153410.6566
1999/4/4,149722.2867
1999/4/5,155404.745
1999/4/6,170564.785
1999/4/7,175710.405
1999/4/8,178140
1999/4/9,178114.0817
1999/4/10,164760.75
1999/4/11,155592.4983
1999/4/12,177830.7408
1999/4/13,181633.7967
1999/4/14,181431.2783
1999/4/15,180505.9183
1999/4/16,178992.5783
1999/4/17,163637.9183
1999/4/18,154718.2883
1999/4/19,178326.6833
1999/4/20,182887.2567
1999/4/21,184972.0133
1999/4/22,190196.7117
1999/4/23,188911.7433
1999/4/24,170113.9867
1999/4/25,156849.0483
1999/4/26,161055.775
1999/4/27,190651.6383
1999/4/28,195369.965
1999/4/29,196043.9966
1999/4/30,190619.7817
1999/5/1,175834.1567
1999/5/2,166554.9133
1999/5/3,188072.0433
1999/5/4,192217.4633
1999/5/5,192074.2
1999/5/6,190247.9073
1999/5/7,186612.0283
1999/5/8,173392.8183
1999/5/9,161220.4517
1999/5/10,180256.1473
1999/5/11,192523.9667
1999/5/12,188142.61
1999/5/13,173388.3533
1999/5/14,190866.0367
1999/5/15,176372.2134
1999/5/16,173889.1367
1999/5/17,197453.44
1999/5/18,198202.365
1999/5/19,195021.3983
1999/5/20,193357.8167
1999/5/21,193478.2317
1999/5/22,175931.815
1999/5/23,164764.955
1999/5/24,187953.1567
1999/5/25,190724.97
1999/5/26,191122.585
1999/5/27,191128.525
1999/5/28,193003.5717
1999/5/29,177439.7683
1999/5/30,164180.3433
1999/5/31,185798.6467
1999/6/1,196163.9067
1999/6/2,196484.1233
1999/6/3,199900.9967
1999/6/4,197893.5534
1999/6/5,179562.92
1999/6/6,169693.8933
1999/6/7,191956.42
1999/6/8,197931.24
1999/6/9,203452.885
1999/6/10,196197.2134
1999/6/11,202264.1733
1999/6/12,188814.6284
1999/6/13,184902.6017
1999/6/14,189168.6533
1999/6/15,214678.7533
1999/6/16,220429.365
1999/6/17,211205.44
1999/6/18,210686.735
1999/6/19,191418.7517
1999/6/20,184781.0066
1999/6/21,209174.7817
1999/6/22,214461.065
1999/6/23,214020.3134
1999/6/24,211590.6233
1999/6/25,210366.4183
1999/6/26,196276.2683
1999/6/27,185898.5417
1999/6/28,204217.7717
1999/6/29,208915.1483
1999/6/30,209811.8117
1999/7/1,209675.0816
1999/7/2,208468.9467
1999/7/3,194966.9167
1999/7/4,180775.6633
1999/7/5,201417.875
1999/7/6,208756.985
1999/7/7,212215.985
1999/7/8,212240.4417
1999/7/9,205678.1333
1999/7/10,187587.4083
1999/7/11,174598.565
1999/7/12,198356.6209
1999/7/13,206788.41
1999/7/14,208467.1533
1999/7/15,202690.995
1999/7/16,200400.7
1999/7/17,185920.8467
1999/7/18,174902.6217
1999/7/19,195469.1883
1999/7/20,205211.475
1999/7/21,209655.9833
1999/7/22,206691.7567
1999/7/23,207263.1417
1999/7/24,191584.3413
1999/7/25,187850.705
1999/7/26,207476.0433
1999/7/27,208129.69
1999/7/28,207560.9757
1999/7/29,206346.9433
1999/7/30,204823.0067
1999/7/31,186769.4
1999/8/1,181892.36
1999/8/2,204783.805
1999/8/3,212891.0517
1999/8/4,209670.985
1999/8/5,209907.3783
1999/8/6,210499.0183
1999/8/7,187647.1067
1999/8/8,177902.1583
1999/8/9,195308.6533
1999/8/10,201397.76
1999/8/11,200685.8734
1999/8/12,197153.115
1999/8/13,194589.2483
1999/8/14,193260.4617
1999/8/15,182142.2317
1999/8/16,201789.7433
1999/8/17,209187.515
1999/8/18,204207.375
1999/8/19,196938.3367
1999/8/20,188856.1633
1999/8/21,178138.8083
1999/8/22,174625.8717
1999/8/23,194517.3483
1999/8/24,196025.8033
1999/8/25,194315.1384
1999/8/26,192131.1917
1999/8/27,192308.5034
1999/8/28,175937.615
1999/8/29,164921.6717
1999/8/30,183393.926
1999/8/31,187778.2117
1999/9/1,185878.471
1999/9/2,185950.5367
1999/9/3,183895.3083
1999/9/4,167238.07
1999/9/5,160644.7377
1999/9/6,183072.01
1999/9/7,192682.5917
1999/9/8,192110.71
1999/9/9,191763.275
1999/9/10,195631.3967
1999/9/11,179232.385
1999/9/12,168465.735
1999/9/13,188536.8133
1999/9/14,192678.385
1999/9/15,187322.5583
1999/9/16,186529.3787
1999/9/17,185601.585
1999/9/18,175192.32
1999/9/19,165635.43
1999/9/20,186858.935
1999/9/21,189223.145
1999/9/22,188353.84
1999/9/23,185688.8817
1999/9/24,182021.91
1999/9/25,166530.9966
1999/9/26,157270.1884
1999/9/27,178345.5367
1999/9/28,182531.23
1999/9/29,179436.93
1999/9/30,180412.39
1999/10/1,178589.9833
1999/10/2,160800.1783
1999/10/3,153039.4516
1999/10/4,157194.3817
1999/10/5,178218.42
1999/10/6,181307.3883
1999/10/7,179147.5933
1999/10/8,178672.5534
1999/10/9,165114.2267
1999/10/10,157332.2867
1999/10/11,182021.9417
1999/10/12,180425.985
1999/10/13,180478.225
1999/10/14,182452.685
1999/10/15,181582.36
1999/10/16,163150.2584
1999/10/17,153406.2983
1999/10/18,179551.875
1999/10/19,183095.0317
1999/10/20,182186.17
1999/10/21,182047.4983
1999/10/22,181935.8667
1999/10/23,172182.0183
1999/10/24,163077.12
1999/10/25,178509.145
1999/10/26,182126.8983
1999/10/27,181750.0917
1999/10/28,182234.0867
1999/10/29,182236.1867
1999/10/30,165481.8383
1999/10/31,157458.4817
1999/11/1,175812.545
1999/11/2,178388.945
1999/11/3,180402.92
1999/11/4,180229.8593
1999/11/5,178696.7467
1999/11/6,163886.595
1999/11/7,153505.115
1999/11/8,178895.4634
1999/11/9,180442.2097
1999/11/10,179093.435
1999/11/11,178681.39
1999/11/12,177025.7333
1999/11/13,161532.2483
1999/11/14,156668.53
1999/11/15,182648.6617
1999/11/16,179570.9667
1999/11/17,179040.0117
1999/11/18,179461.6467
1999/11/19,179075.18
1999/11/20,162445.5383
1999/11/21,156076.3067
1999/11/22,180277.7917
1999/11/23,182813.975
1999/11/24,181601.98
1999/11/25,181941.4417
1999/11/26,183383.7
1999/11/27,162655.285
1999/11/28,153080.5917
1999/11/29,179201.5517
1999/11/30,185732.3
1999/12/1,189288.745
1999/12/2,192022.945
1999/12/3,193644.2817
1999/12/4,166558.4317
1999/12/5,157989.5967
1999/12/6,186567.0183
1999/12/7,195724.165
1999/12/8,196800.3434
1999/12/9,191153.1767
1999/12/10,181605.1533
1999/12/11,165238.5617
1999/12/12,153590.9733
1999/12/13,179815.51
1999/12/14,184466.9483
1999/12/15,187518.89
1999/12/16,190512.8933
1999/12/17,180781.1683
1999/12/18,161343.2117
1999/12/19,153594.33
1999/12/20,176041.7833
1999/12/21,179862.6567
1999/12/22,178770.9483
1999/12/23,176018.6667
1999/12/24,164190.6608
1999/12/25,137859.1417
1999/12/26,139103.1684
1999/12/27,146383.6767
1999/12/28,149022.84
1999/12/29,155861.9
1999/12/30,157645.19
1999/12/31,148706.1767
2000/1/1,138174.64
2000/1/2,141917.6117
2000/1/3,149395.4483
2000/1/4,172661.6817
2000/1/5,169760.33
2000/1/6,168781.1934
2000/1/7,167861.1534
2000/1/8,155274.0333
2000/1/9,148696.3583
2000/1/10,174421.0967
2000/1/11,178388.455
2000/1/12,178801.5667
2000/1/13,178685.1017
2000/1/14,180159.585
2000/1/15,166521.32
2000/1/16,161156.5067
2000/1/17,184440.67
2000/1/18,189269.1967
2000/1/19,201535.25
2000/1/20,205445.32
2000/1/21,198751.745
2000/1/22,167445.4917
2000/1/23,153150.5133
2000/1/24,177461.4917
2000/1/25,181498.1183
2000/1/26,164091.715
2000/1/27,185377.84
2000/1/28,182017.375
2000/1/29,162228.8
2000/1/30,155105.59
2000/1/31,181763.7167
2000/2/1,190502.6834
2000/2/2,195471.4233
2000/2/3,199259.8567
2000/2/4,204035.4767
2000/2/5,189602.0633
2000/2/6,163147.1933
2000/2/7,194661.33
2000/2/8,203333.25
2000/2/9,208430.2767
2000/2/10,209812.3967
2000/2/11,207996.3233
2000/2/12,172929.4433
2000/2/13,154952.5733
2000/2/14,177439.8617
2000/2/15,183192.4117
2000/2/16,187780.9017
2000/2/17,192046.8733
2000/2/18,191622.9867
2000/2/19,173877.5067
2000/2/20,164001.6517
2000/2/21,192092.965
2000/2/22,191683.605
2000/2/23,194157.8633
2000/2/24,198644.1517
2000/2/25,196088.5967
2000/2/26,178371.925
2000/2/27,160837.7466
2000/2/28,189096.0267
2000/2/29,192010.2967
2000/3/1,192830.6467
2000/3/2,195061.8817
2000/3/3,198368.5484
2000/3/4,170476.4467
2000/3/5,158800.2367
2000/3/6,184368.68
2000/3/7,186418.1267
2000/3/8,186404.2117
2000/3/9,188305.6017
2000/3/10,187405.0433
2000/3/11,170211.9383
2000/3/12,164023.3984
2000/3/13,189294.12
2000/3/14,198136.935
2000/3/15,189381.635
2000/3/16,195900.9183
2000/3/17,201488.48
2000/3/18,185711.4667
2000/3/19,165393.9717
2000/3/20,188394.105
2000/3/21,186896.57
2000/3/22,185789.0133
2000/3/23,186383.9727
2000/3/24,181476.9683
2000/3/25,163582.785
2000/3/26,155235.1983
2000/3/27,180743.6433
2000/3/28,188959.4133
2000/3/29,185826.5967
2000/3/30,186302.2483
2000/3/31,188021.4634
2000/4/1,166986.825
2000/4/2,159691.2117
2000/4/3,187791.215
2000/4/4,190220.21
2000/4/5,189334.175
2000/4/6,185293.3084
2000/4/7,183513.9383
2000/4/8,167683.8833
2000/4/9,158757.86
2000/4/10,183626.6033
2000/4/11,186380.675
2000/4/12,185158.295
2000/4/13,185324.1067
2000/4/14,185655.925
2000/4/15,168440.8767
2000/4/16,159588.5833
2000/4/17,180302.9383
2000/4/18,184062.3183
2000/4/19,185074.9767
2000/4/20,182390.5083
2000/4/21,157028.5483
2000/4/22,157896.485
2000/4/23,154862.97
2000/4/24,157668.16
2000/4/25,162627.2367
2000/4/26,177883.0367
2000/4/27,183711.5217
2000/4/28,182926.0383
2000/4/29,169705.8867
2000/4/30,159053.6617
2000/5/1,184656.49
2000/5/2,192163.0717
2000/5/3,190865.0633
2000/5/4,190486.1634
2000/5/5,189220.875
2000/5/6,170330.325
2000/5/7,161910.0117
2000/5/8,186518.5617
2000/5/9,190966.6583
2000/5/10,191453.37
2000/5/11,191818.9733
2000/5/12,189754.775
2000/5/13,165681.8666
2000/5/14,163361.71
2000/5/15,189940.7834
2000/5/16,197713.485
2000/5/17,197385.4217
2000/5/18,197021.5867
2000/5/19,199239.6283
2000/5/20,184119.8017
2000/5/21,176816.8233
2000/5/22,201255.62
2000/5/23,208112.07
2000/5/24,206821.5033
2000/5/25,203215.4617
2000/5/26,198206.01
2000/5/27,189246.0333
2000/5/28,193357.8267
2000/5/29,220337.8283
2000/5/30,227745.2317
2000/5/31,225157.0383
2000/6/1,220510.6934
2000/6/2,220372.13
2000/6/3,201813.48
2000/6/4,199247.73
2000/6/5,223485.9133
2000/6/6,226467.825
2000/6/7,225406.75
2000/6/8,222072.82
2000/6/9,220090.5984
2000/6/10,205181.6117
2000/6/11,191408.5283
2000/6/12,196381.2533
2000/6/13,218006.6633
2000/6/14,219735.4783
2000/6/15,222640.54
2000/6/16,219437.2167
2000/6/17,198826.25
2000/6/18,188142.3167
2000/6/19,207330.755
2000/6/20,210942.5967
2000/6/21,204267.6367
2000/6/22,207071.0384
2000/6/23,210577.8333
2000/6/24,198965.0283
2000/6/25,190747.405
2000/6/26,211095.3983
2000/6/27,221262.625
2000/6/28,211581.69
2000/6/29,221042.6117
2000/6/30,223814.9
2000/7/1,201809.9383
2000/7/2,186263.4217
2000/7/3,206003.9667
2000/7/4,213078.1583
2000/7/5,210531.3966
2000/7/6,212982.345
2000/7/7,209537.045
2000/7/8,190515.8033
2000/7/9,184251.61
2000/7/10,208864.3517
2000/7/11,214789.0817
2000/7/12,215443.6583
2000/7/13,219588.6417
2000/7/14,215528.9
2000/7/15,200842.9517
2000/7/16,190385.8817
2000/7/17,214961.0403
2000/7/18,216996.4
2000/7/19,221113.35
2000/7/20,216898.5067
2000/7/21,215032.665
2000/7/22,199529.61
2000/7/23,189892.5033
2000/7/24,209099.4483
2000/7/25,206368.145
2000/7/26,208437.9634
2000/7/27,223110.4067
2000/7/28,221030.8683
2000/7/29,201220.4467
2000/7/30,189416.025
2000/7/31,211718.5517
2000/8/1,215101.2633
2000/8/2,212128.5867
2000/8/3,211268.305
2000/8/4,208251.7183
2000/8/5,194424.8267
2000/8/6,185816.6734
2000/8/7,202544.8467
2000/8/8,208634.175
2000/8/9,204498.0383
2000/8/10,208395.4833
2000/8/11,209557.3067
2000/8/12,193723.0817
2000/8/13,190415.3083
2000/8/14,210682.9317
2000/8/15,220105.685
2000/8/16,222381.38
2000/8/17,222403.5433
2000/8/18,216265.9283
2000/8/19,190749.33
2000/8/20,180853.7867
2000/8/21,202410.3883
2000/8/22,208683.3417
2000/8/23,198149.0033
2000/8/24,210424.1483
2000/8/25,207624.6083
2000/8/26,188636.95
2000/8/27,174539.1783
2000/8/28,203536.0383
2000/8/29,207137.045
2000/8/30,202562.3233
2000/8/31,199989.8033
2000/9/1,197760.6867
2000/9/2,181084.0083
2000/9/3,170128.1133
2000/9/4,196824.105
2000/9/5,196712.8867
2000/9/6,195480.6167
2000/9/7,207362.1083
2000/9/8,196109.1483
2000/9/9,176602.6117
2000/9/10,167575.1217
2000/9/11,192045.2883
2000/9/12,194711.5
2000/9/13,193112.73
2000/9/14,191169.0367
2000/9/15,185400.7617
2000/9/16,168851.005
2000/9/17,160793.9533
2000/9/18,181380.0867
2000/9/19,184264.9633
2000/9/20,182984.2433
2000/9/21,184269.6267
2000/9/22,181872.1517
2000/9/23,165728.1067
2000/9/24,158893.0883
2000/9/25,183214.315
2000/9/26,188171.4333
2000/9/27,184295.68
2000/9/28,184203.505
2000/9/29,184334.25
2000/9/30,165061.9133
2000/10/1,155664.72
2000/10/2,159642.915
2000/10/3,181279.8217
2000/10/4,183995.5567
2000/10/5,186386.4233
2000/10/6,186979.1367
2000/10/7,170881.48
2000/10/8,159387.1467
2000/10/9,185471.0567
2000/10/10,185568.5333
2000/10/11,183967.505
2000/10/12,185072.9433
2000/10/13,186996.875
2000/10/14,167552.48
2000/10/15,158821.68
2000/10/16,181721.03
2000/10/17,186617.78
2000/10/18,186901.1083
2000/10/19,186913.0733
2000/10/20,183152.59
2000/10/21,164934.9
2000/10/22,157335.2117
2000/10/23,182681.385
2000/10/24,186338.8617
2000/10/25,185994.305
2000/10/26,185743.5283
2000/10/27,183477.8267
2000/10/28,164719.975
2000/10/29,157247.5967
2000/10/30,182453.2016
2000/10/31,185628.2283
2000/11/1,184534.3933
2000/11/2,186027.9517
2000/11/3,184531.8217
2000/11/4,165471.2633
2000/11/5,158024.0333
2000/11/6,181814.0083
2000/11/7,182647.0583
2000/11/8,182584.6633
2000/11/9,182500.5334
2000/11/10,180524.1417
2000/11/11,164525.1117
2000/11/12,157280.59
2000/11/13,181200.73
2000/11/14,186306.7017
2000/11/15,187559.09
2000/11/16,187867.9967
2000/11/17,186105.43
2000/11/18,169530.8734
2000/11/19,160641.215
2000/11/20,184712.0633
2000/11/21,184201.5717
2000/11/22,184001.2433
2000/11/23,187320.3317
2000/11/24,187408.7583
2000/11/25,167412.9283
2000/11/26,164790.0883
2000/11/27,194605.5283
2000/11/28,198538.375
2000/11/29,197683.1517
2000/11/30,199616.8434
2000/12/1,186947.4517
2000/12/2,164702.79
2000/12/3,158737.3383
2000/12/4,188036.3417
2000/12/5,195749.9667
2000/12/6,194369.8217
2000/12/7,191164.4857
2000/12/8,194379.7967
2000/12/9,168428.265
2000/12/10,163656.0467
2000/12/11,205801.1
2000/12/12,218183.3817
2000/12/13,207737.9533
2000/12/14,195122.4267
2000/12/15,192652.2
2000/12/16,173157.7633
2000/12/17,168796.4917
2000/12/18,198950.545
2000/12/19,203453.6167
2000/12/20,209678.415
2000/12/21,209393.8883
2000/12/22,208119.4117
2000/12/23,180054.5417
2000/12/24,171925.16
2000/12/25,159307.9116
2000/12/26,161653.8367
2000/12/27,176952.9883
2000/12/28,166125.1083
2000/12/29,164436.1033
2000/12/30,156511.1417
2000/12/31,149515.3417
2001/1/1,148576.5783
2001/1/2,179500.6634
2001/1/3,191306.5633
2001/1/4,194824.985
2001/1/5,191104.7234
2001/1/6,172158.2633
2001/1/7,162511.0417
2001/1/8,183730.5583
2001/1/9,178721.8733
2001/1/10,178494.9383
2001/1/11,188551.0934
2001/1/12,202250.6283
2001/1/13,176819.9533
2001/1/14,173948.3817
2001/1/15,211981.0783
2001/1/16,191532.9367
2001/1/17,193505.8633
2001/1/18,192721.4083
2001/1/19,188954.425
2001/1/20,175193.47
2001/1/21,171625.5417
2001/1/22,212357.9034
2001/1/23,226192.5917
2001/1/24,227076.5633
2001/1/25,223435.6433
2001/1/26,193168.34
2001/1/27,187221.1216
2001/1/28,166446.835
2001/1/29,196375.75
2001/1/30,198388.6467
2001/1/31,189459.1434
2001/2/1,191840.61
2001/2/2,194651.79
2001/2/3,179859.9167
2001/2/4,185463.6783
2001/2/5,205083.24
2001/2/6,196102.3884
2001/2/7,194157.5333
2001/2/8,200033.0717
2001/2/9,207542.9817
2001/2/10,178474.74
2001/2/11,165059.3283
2001/2/12,199973.6067
2001/2/13,217603.3167
2001/2/14,207105.9283
2001/2/15,192158.9617
2001/2/16,184974.7533
2001/2/17,168055.6717
2001/2/18,161225.29
2001/2/19,190126.038
2001/2/20,190600.0017
2001/2/21,197358.4517
2001/2/22,202562.5333
2001/2/23,206275.755
2001/2/24,186858.1683
2001/2/25,176681.0883
2001/2/26,210481.7817
2001/2/27,216722.108
2001/2/28,211143.6383
2001/3/1,197175.1067
2001/3/2,197407.03
2001/3/3,173525.5267
2001/3/4,161682.4583
2001/3/5,185711.6683
2001/3/6,194105.895
2001/3/7,192583.6833
2001/3/8,195749.5933
2001/3/9,191967.5
2001/3/10,175975.4317
2001/3/11,169093.57
2001/3/12,190794.2917
2001/3/13,189980.9533
2001/3/14,190261.95
2001/3/15,190831.1683
2001/3/16,189930.3917
2001/3/17,165543.975
2001/3/18,156735.2217
2001/3/19,184646.955
2001/3/20,192581.7033
2001/3/21,189717.5784
2001/3/22,184453.3633
2001/3/23,184993.7567
2001/3/24,166506.4333
2001/3/25,161949.0283
2001/3/26,185717.3917
2001/3/27,189058.5683
2001/3/28,184716.3333
2001/3/29,184940.82
2001/3/30,185123.8767
2001/3/31,168922.73
2001/4/1,161105.15
2001/4/2,185403.2
2001/4/3,187138.2317
2001/4/4,185720.8183
2001/4/5,188735.4334
2001/4/6,189467.4633
2001/4/7,171282.105
2001/4/8,162033.38
2001/4/9,174865.7083
2001/4/10,190038.58
2001/4/11,188095.565
2001/4/12,185169.305
2001/4/13,160917.59
2001/4/14,161419.6583
2001/4/15,153306.3633
2001/4/16,158116.595
2001/4/17,179120.4983
2001/4/18,186716.9533
2001/4/19,187401.015
2001/4/20,185652.2783
2001/4/21,170828.68
2001/4/22,163116.345
2001/4/23,182955.65
2001/4/24,186961.0033
2001/4/25,167124.8833
2001/4/26,184060
2001/4/27,185112.7117
2001/4/28,170414.3117
2001/4/29,164491.7217
2001/4/30,189532.28
2001/5/1,193637.725
2001/5/2,190850.8034
2001/5/3,191324.4717
2001/5/4,189723.6117
2001/5/5,176566.435
2001/5/6,174478.77
2001/5/7,199203.2817
2001/5/8,204075.48
2001/5/9,198657.6266
2001/5/10,196752.2883
2001/5/11,195309.0167
2001/5/12,182768.7783
2001/5/13,172264.6517
2001/5/14,194001.6917
2001/5/15,197931.65
2001/5/16,196442.6517
2001/5/17,196956.3967
2001/5/18,204031.2533
2001/5/19,192009.1333
2001/5/20,181154.29
2001/5/21,201257.6417
2001/5/22,206459.7617
2001/5/23,202328.19
2001/5/24,203117.5417
2001/5/25,205939.68
2001/5/26,193526.5833
2001/5/27,182440.7334
2001/5/28,207977.2617
2001/5/29,216652.1233
2001/5/30,212426.2183
2001/5/31,214890.2567
2001/6/1,213842.295
2001/6/2,193159.965
2001/6/3,185359.215
2001/6/4,209677.3117
2001/6/5,213119.067
2001/6/6,208450.15
2001/6/7,207603.56
2001/6/8,202862.22
2001/6/9,184075.8467
2001/6/10,177922.4217
2001/6/11,179133.11
2001/6/12,206594.4583
2001/6/13,204463.9417
2001/6/14,211584.9217
2001/6/15,219758.32
2001/6/16,202966.65
2001/6/17,189306.3317
2001/6/18,212812.1067
2001/6/19,217461.155
2001/6/20,218562.0017
2001/6/21,218014.4133
2001/6/22,211666.2333
2001/6/23,195955.0567
2001/6/24,187797.6234
2001/6/25,212158.3334
2001/6/26,217479.625
2001/6/27,211512.04
2001/6/28,213360.97
2001/6/29,214361.15
2001/6/30,199143.3017
2001/7/1,190871.7883
2001/7/2,213680.32
2001/7/3,218565.3583
2001/7/4,217817.3017
2001/7/5,217111.9567
2001/7/6,220901.2517
2001/7/7,205859.0283
2001/7/8,198894.935
2001/7/9,226087.6733
2001/7/10,218692.9217
2001/7/11,213512.0233
2001/7/12,211061.4817
2001/7/13,208117.775
2001/7/14,192018.945
2001/7/15,183667.2967
2001/7/16,207218.3333
2001/7/17,216875.2867
2001/7/18,215237.035
2001/7/19,215742.6483
2001/7/20,213230.7833
2001/7/21,197734.075
2001/7/22,190991.3283
2001/7/23,211221.0833
2001/7/24,215810.505
2001/7/25,214694.3683
2001/7/26,215924.5617
2001/7/27,214805.835
2001/7/28,205645.21
2001/7/29,189162.1183
2001/7/30,208028.9533
2001/7/31,210520.4667
2001/8/1,214114.9517
2001/8/2,215687.095
2001/8/3,210095.55
2001/8/4,191063.4984
2001/8/5,178512.7033
2001/8/6,202797.0017
2001/8/7,212805.9777
2001/8/8,215018.5583
2001/8/9,212463.3117
2001/8/10,207013.7133
2001/8/11,190429.8717
2001/8/12,179303.325
2001/8/13,203738.5533
2001/8/14,206557.0317
2001/8/15,203031.38
2001/8/16,196290.7383
2001/8/17,202457.3483
2001/8/18,193304.67
2001/8/19,184854.6517
2001/8/20,202722.219
2001/8/21,209329.215
2001/8/22,212583.5517
2001/8/23,211389.7033
2001/8/24,210991.6617
2001/8/25,189674.715
2001/8/26,184961.0483
2001/8/27,222817.9467
2001/8/28,216270.185
2001/8/29,217423.5583
2001/8/30,209807.885
2001/8/31,206897.5583
2001/9/1,192408.6667
2001/9/2,179034.7783
2001/9/3,196341.8166
2001/9/4,200608.05
2001/9/5,203466.1266
2001/9/6,201786.11
2001/9/7,201338.3817
2001/9/8,178390.3133
2001/9/9,170008.395
2001/9/10,190864.285
2001/9/11,194531.3717
2001/9/12,194445.755
2001/9/13,191728.6117
2001/9/14,190703.9783
2001/9/15,175026.6167
2001/9/16,164419.705
2001/9/17,186112.72
2001/9/18,191203.4317
2001/9/19,190930.3633
2001/9/20,189358.1517
2001/9/21,188014.475
2001/9/22,172239.72
2001/9/23,163160.6466
2001/9/24,186321.095
2001/9/25,190356.3883
2001/9/26,186965.1083
2001/9/27,189219.9267
2001/9/28,187445.1817
2001/9/29,169932.3267
2001/9/30,160917.305
2001/10/1,163092.315
2001/10/2,183952.3333
2001/10/3,187265.9183
2001/10/4,186824.0533
2001/10/5,185564.8967
2001/10/6,169990.88
2001/10/7,163271.3
2001/10/8,185151.2633
2001/10/9,190242.9833
2001/10/10,187811.165
2001/10/11,191641.7667
2001/10/12,188238.2517
2001/10/13,172383.2267
2001/10/14,163094.5583
2001/10/15,185145.0333
2001/10/16,190352.23
2001/10/17,188732.4283
2001/10/18,190177.6683
2001/10/19,186954.8233
2001/10/20,173702.3383
2001/10/21,164058.6583
2001/10/22,185971.4283
2001/10/23,190461.245
2001/10/24,189850.7017
2001/10/25,192064.83
2001/10/26,189324.695
2001/10/27,171120.53
2001/10/28,162277.6
2001/10/29,188107.315
2001/10/30,190963.4383
2001/10/31,190782.445
2001/11/1,190456.16
2001/11/2,186641.97
2001/11/3,168164.6566
2001/11/4,161343.945
2001/11/5,189830.59
2001/11/6,192870.5517
2001/11/7,189113.1617
2001/11/8,187706.24
2001/11/9,187437.4267
2001/11/10,173274.0067
2001/11/11,164252.4683
2001/11/12,185239.0583
2001/11/13,187234.6416
2001/11/14,186584.53
2001/11/15,187434.2784
2001/11/16,185431.065
2001/11/17,174123.27
2001/11/18,164564.0767
2001/11/19,187615.895
2001/11/20,195015.6333
2001/11/21,194118.865
2001/11/22,189694.3133
2001/11/23,187575.8117
2001/11/24,173513.6017
2001/11/25,169852.5117
2001/11/26,198766.2217
2001/11/27,191533.935
2001/11/28,190058.0117
2001/11/29,193061.1483
2001/11/30,194153.9383
2001/12/1,174090.3117
2001/12/2,167203.0833
2001/12/3,206351.5117
2001/12/4,200763.0667
2001/12/5,188757.2233
2001/12/6,189399.415
2001/12/7,192802.2883
2001/12/8,170081.9067
2001/12/9,161030.3184
2001/12/10,189435.7117
2001/12/11,191211.4767
2001/12/12,191344.17
2001/12/13,195865.7983
2001/12/14,197236.925
2001/12/15,173114.6883
2001/12/16,164122.0533
2001/12/17,191889.9334
2001/12/18,195946.0083
2001/12/19,197253.5833
2001/12/20,208153.6667
2001/12/21,203294.6883
2001/12/22,175020.9017
2001/12/23,171618.6667
2001/12/24,186898.6433
2001/12/25,160284.4767
2001/12/26,149940.0133
2001/12/27,163217.0133
2001/12/28,168659.3333
2001/12/29,171549.03
2001/12/30,167462.715
2001/12/31,177819.8567
2002/1/1,171563.6517
2002/1/2,188975.22
2002/1/3,179184.1367
2002/1/4,182829.7667
2002/1/5,174420.2334
2002/1/6,171113.7517
2002/1/7,197784.1617
2002/1/8,196653.9833
2002/1/9,190836.0167
2002/1/10,189807.655
2002/1/11,192207.9084
2002/1/12,170927.55
2002/1/13,161659.7383
2002/1/14,188064.4834
2002/1/15,191366.5517
2002/1/16,186566.135
2002/1/17,189395.455
2002/1/18,190685.385
2002/1/19,176069.6417
2002/1/20,174992.77
2002/1/21,212165.06
2002/1/22,214707.7217
2002/1/23,202747.8367
2002/1/24,197626.4667
2002/1/25,195444.0067
2002/1/26,176571.5167
2002/1/27,169547.2167
2002/1/28,176457.5033
2002/1/29,202510.07
2002/1/30,208138.54
2002/1/31,206149.415
2002/2/1,199647.865
2002/2/2,184748.5217
2002/2/3,170231.7034
2002/2/4,192805.7
2002/2/5,192105.8733
2002/2/6,190822.0083
2002/2/7,191786.7933
2002/2/8,193187.1467
2002/2/9,169552.135
2002/2/10,163257.485
2002/2/11,186619.63
2002/2/12,191361.4417
2002/2/13,190237.755
2002/2/14,196790.905
2002/2/15,198038.5984
2002/2/16,186628.2833
2002/2/17,174337.105
2002/2/18,195787.0717
2002/2/19,199374.9917
2002/2/20,208671.29
2002/2/21,210005.3533
2002/2/22,194827.075
2002/2/23,174632.9533
2002/2/24,167986.855
2002/2/25,194147.3033
2002/2/26,201382.3667
2002/2/27,204822.435
2002/2/28,196808.8984
2002/3/1,191304.4067
2002/3/2,171769.365
2002/3/3,167092.6483
2002/3/4,193106.94
2002/3/5,195173.5633
2002/3/6,195697.9833
2002/3/7,202892.1833
2002/3/8,194030.8884
2002/3/9,172543.5267
2002/3/10,163869.0917
2002/3/11,191216.7783
2002/3/12,196793.14
2002/3/13,192915.7217
2002/3/14,193992.9333
2002/3/15,193449.5117
2002/3/16,179373.6033
2002/3/17,176485.46
2002/3/18,208376.5083
2002/3/19,212731.5217
2002/3/20,210798.6967
2002/3/21,197505.3267
2002/3/22,190999.0367
2002/3/23,173512.9517
2002/3/24,167063.465
2002/3/25,197251.6767
2002/3/26,199311.3517
2002/3/27,193940.8917
2002/3/28,194300.7217
2002/3/29,165631.7433
2002/3/30,164533.4217
2002/3/31,157341.2133
2002/4/1,163920.8967
2002/4/2,185399.4367
2002/4/3,191577.0284
2002/4/4,192012.7917
2002/4/5,188907.2733
2002/4/6,173267.4334
2002/4/7,166019.705
2002/4/8,190619.645
2002/4/9,195610.2867
2002/4/10,195452.785
2002/4/11,197874.4017
2002/4/12,196458.2317
2002/4/13,176682.89
2002/4/14,168273.44
2002/4/15,191277.8817
2002/4/16,194125.8017
2002/4/17,192582.1283
2002/4/18,192536.1567
2002/4/19,192676.9567
2002/4/20,174381.7133
2002/4/21,165420.785
2002/4/22,189469.2433
2002/4/23,190798.3117
2002/4/24,191411.2567
2002/4/25,170727.6633
2002/4/26,184104.5633
2002/4/27,170569.175
2002/4/28,167264.1567
2002/4/29,190889.9417
2002/4/30,194847.905
2002/5/1,194312.7983
2002/5/2,194268.495
2002/5/3,194542.1583
2002/5/4,176998.475
2002/5/5,169801.285
2002/5/6,192240.6317
2002/5/7,197009.5967
2002/5/8,196248.9033
2002/5/9,196756.9917
2002/5/10,193804.5817
2002/5/11,180011.335
2002/5/12,170923.0583
2002/5/13,195768.6167
2002/5/14,201434.9533
2002/5/15,200080.93
2002/5/16,199604.455
2002/5/17,199364.09
2002/5/18,194929.415
2002/5/19,183692.4283
2002/5/20,216050.39
2002/5/21,214602.6667
2002/5/22,211677.005
2002/5/23,212116.465
2002/5/24,213412.3667
2002/5/25,199941.9883
2002/5/26,187953.0683
2002/5/27,210795.98
2002/5/28,224499.7283
2002/5/29,219487.6017
2002/5/30,219951.7717
2002/5/31,217646.4717
2002/6/1,204311.19
2002/6/2,195918.4433
2002/6/3,215072.8933
2002/6/4,217562.6567
2002/6/5,216705.1717
2002/6/6,217480.1967
2002/6/7,206071.4933
2002/6/8,193147.6633
2002/6/9,187554.2667
2002/6/10,188294.67
2002/6/11,213580.5783
2002/6/12,221549.145
2002/6/13,215999.735
2002/6/14,215883.0533
2002/6/15,195095.17
2002/6/16,182805.6533
2002/6/17,212369.5217
2002/6/18,228952.075
2002/6/19,223955.475
2002/6/20,227094.6367
2002/6/21,222394.4617
2002/6/22,205014.0567
2002/6/23,198683.8767
2002/6/24,224858.3117
2002/6/25,228346.8534
2002/6/26,225975.25
2002/6/27,230963.0883
2002/6/28,230733.1183
2002/6/29,218139.8883
2002/6/30,203302.2617
2002/7/1,228004.8467
2002/7/2,235048.5533
2002/7/3,232348.915
2002/7/4,226693.73
2002/7/5,219787.6667
2002/7/6,203662.6083
2002/7/7,190457.96
2002/7/8,218161.6233
2002/7/9,220720.0883
2002/7/10,221931.51
2002/7/11,227028.555
2002/7/12,229366.3133
2002/7/13,208855.4817
2002/7/14,202721.735
2002/7/15,221667.8933
2002/7/16,226399.1733
2002/7/17,227421.3867
2002/7/18,227994.965
2002/7/19,225917.5317
2002/7/20,204934.2617
2002/7/21,196840.2033
2002/7/22,223092.6733
2002/7/23,222978.4833
2002/7/24,228299.66
2002/7/25,230164.0683
2002/7/26,227327.49
2002/7/27,207199.3634
2002/7/28,196764.9967
2002/7/29,220408.64
2002/7/30,225541.8317
2002/7/31,220270.1083
2002/8/1,216112.26
2002/8/2,209487.065
2002/8/3,193348.3417
2002/8/4,186390.4066
2002/8/5,211010.4567
2002/8/6,216704.7733
2002/8/7,212184.75
2002/8/8,210055.205
2002/8/9,208351.0183
2002/8/10,189001.2083
2002/8/11,174859.8067
2002/8/12,202241.135
2002/8/13,217974.455
2002/8/14,223706.5584
2002/8/15,222010.235
2002/8/16,217774.91
2002/8/17,200854.4417
2002/8/18,192582.41
2002/8/19,210709.53
2002/8/20,213963.5517
2002/8/21,212088.905
2002/8/22,208591.5233
2002/8/23,212877.2533
2002/8/24,199089.1083
2002/8/25,196993.1217
2002/8/26,216544.22
2002/8/27,219022.1517
2002/8/28,214172.155
2002/8/29,210766.5183
2002/8/30,203400.4717
2002/8/31,186992.63
2002/9/1,177951.11
2002/9/2,198650.7767
2002/9/3,199067.4683
2002/9/4,197495.1
2002/9/5,196605.18
2002/9/6,196698.9017
2002/9/7,178199.5233
2002/9/8,169885.51
2002/9/9,193156.1184
2002/9/10,201522.785
2002/9/11,205720.4583
2002/9/12,205975.9017
2002/9/13,200373.6883
2002/9/14,181813.6233
2002/9/15,171186.995
2002/9/16,191573.1817
2002/9/17,203687.3683
2002/9/18,203997.3367
2002/9/19,199509.2617
2002/9/20,197785.8117
2002/9/21,179653.235
2002/9/22,168048.94
2002/9/23,190696.4117
2002/9/24,196167.3733
2002/9/25,195013.3983
2002/9/26,193278.9667
2002/9/27,190585.2083
2002/9/28,175803.675
2002/9/29,169331.3717
2002/9/30,191198.6
2002/10/1,195520.1617
2002/10/2,192136.3233
2002/10/3,193759.0467
2002/10/4,191528.9583
2002/10/5,173453.32
2002/10/6,163092.87
2002/10/7,166815.1484
2002/10/8,193728.04
2002/10/9,190577.54
2002/10/10,192191.7433
2002/10/11,190928.1533
2002/10/12,174688.695
2002/10/13,166708.2517
2002/10/14,187424.99
2002/10/15,191569.055
2002/10/16,195868.6117
2002/10/17,191705.405
2002/10/18,192254.4283
2002/10/19,177985.0067
2002/10/20,166482.765
2002/10/21,189670.1784
2002/10/22,194463.8334
2002/10/23,195768.3617
2002/10/24,192591.8133
2002/10/25,194433.595
2002/10/26,177150.2967
2002/10/27,167861.0483
2002/10/28,189856.4617
2002/10/29,193570.94
2002/10/30,198224.0283
2002/10/31,200058.2784
2002/11/1,194632.2417
2002/11/2,175427.4583
2002/11/3,176092.1667
2002/11/4,192899.6833
2002/11/5,191202.435
2002/11/6,192003.6467
2002/11/7,194797.9883
2002/11/8,206257.9783
2002/11/9,188844.3733
2002/11/10,175157.8317
2002/11/11,191754.69
2002/11/12,198390.7566
2002/11/13,196614.0083
2002/11/14,195845.9317
2002/11/15,193244.425
2002/11/16,173217.875
2002/11/17,166667.9733
2002/11/18,196827.855
2002/11/19,205727.1717
2002/11/20,202023.86
2002/11/21,193237.825
2002/11/22,196866.465
2002/11/23,178748.3317
2002/11/24,181152.4384
2002/11/25,222498.145
2002/11/26,222481.695
2002/11/27,205437.0283
2002/11/28,195257.9883
2002/11/29,194169.3917
2002/11/30,172935.8367
2002/12/1,165115.235
2002/12/2,197056.9217
2002/12/3,212348.465
2002/12/4,211948.66
2002/12/5,200903.9317
2002/12/6,186022.44
2002/12/7,171090.5417
2002/12/8,169722.0367
2002/12/9,196311.4233
2002/12/10,194148.2217
2002/12/11,191152.0783
2002/12/12,194651.1683
2002/12/13,199372.6817
2002/12/14,179246.28
2002/12/15,184532.5817
2002/12/16,221191.9583
2002/12/17,211535.9634
2002/12/18,201686.99
2002/12/19,201281.1317
2002/12/20,203930.845
2002/12/21,190287.6234
2002/12/22,186117.21
2002/12/23,181626.53
2002/12/24,175253.6417
2002/12/25,150003.05
2002/12/26,149980.205
2002/12/27,165523.21
2002/12/28,164742.12
2002/12/29,163303.465
2002/12/30,177554.385
2002/12/31,177702.765
2003/1/1,155247.17
2003/1/2,174500.7933
2003/1/3,180121.1434
2003/1/4,171293.8583
2003/1/5,170132.585
2003/1/6,196572.3567
2003/1/7,202711.8483
2003/1/8,200834.665
2003/1/9,184319.8683
2003/1/10,184387.3167
2003/1/11,170558.29
2003/1/12,164072.1233
2003/1/13,188777.9334
2003/1/14,195445.9567
2003/1/15,194847.4933
2003/1/16,201277.2667
2003/1/17,212217.5733
2003/1/18,208429.875
2003/1/19,181012.615
2003/1/20,205347.3483
2003/1/21,221129.5734
2003/1/22,203401.0733
2003/1/23,197572.6183
2003/1/24,202972.6967
2003/1/25,192230.595
2003/1/26,191215.83
2003/1/27,180639.4433
2003/1/28,206011.0417
2003/1/29,220677.625
2003/1/30,240164.0083
2003/1/31,212396.355
2003/2/1,177086.6767
2003/2/2,169147.625
2003/2/3,194831.0967
2003/2/4,200899.7866
2003/2/5,204907.6867
2003/2/6,210323.92
2003/2/7,206887.8
2003/2/8,184777.4567
2003/2/9,178912.0783
2003/2/10,205800.6284
2003/2/11,209448.3817
2003/2/12,216269.6317
2003/2/13,219547.3383
2003/2/14,211153.975
2003/2/15,195356.8167
2003/2/16,182849.8083
2003/2/17,203710.7817
2003/2/18,200139.8183
2003/2/19,203113.18
2003/2/20,204993.2017
2003/2/21,198159.79
2003/2/22,181863.8317
2003/2/23,174528.23
2003/2/24,199944.0767
2003/2/25,205156.2733
2003/2/26,203986.585
2003/2/27,207084.9517
2003/2/28,207689.5183
2003/3/1,176675.1617
2003/3/2,161967.7483
2003/3/3,186964.15
2003/3/4,194801.775
2003/3/5,193888.47
2003/3/6,194323.22
2003/3/7,195753.365
2003/3/8,176020.7867
2003/3/9,167011.8483
2003/3/10,191775.5217
2003/3/11,196770.42
2003/3/12,197577.6833
2003/3/13,198830.2133
2003/3/14,194260.3967
2003/3/15,174867.835
2003/3/16,167802.3917
2003/3/17,194544.97
2003/3/18,199168.6534
2003/3/19,200914.7983
2003/3/20,202735.9417
2003/3/21,194393.67
2003/3/22,175611.575
2003/3/23,166975.2167
2003/3/24,192452.51
2003/3/25,197484.9717
2003/3/26,199509.9983
2003/3/27,197962.47
2003/3/28,195918.7
2003/3/29,175827.1233
2003/3/30,166204.5533
2003/3/31,191141.0184
2003/4/1,194760.5633
2003/4/2,192749.6117
2003/4/3,192247.0566
2003/4/4,190632.0534
2003/4/5,176693.1517
2003/4/6,167437.8117
2003/4/7,190902.54
2003/4/8,194684.2317
2003/4/9,194212.77
2003/4/10,194855.765
2003/4/11,194818.0283
2003/4/12,179042.6917
2003/4/13,170968.3633
2003/4/14,192858.4317
2003/4/15,194673.81
2003/4/16,193481.2133
2003/4/17,194197.205
2003/4/18,171518.8117
2003/4/19,170602.5067
2003/4/20,163434.6917
2003/4/21,167560.3434
2003/4/22,185721.4367
2003/4/23,189389.3617
2003/4/24,188910.2033
2003/4/25,174269.54
2003/4/26,172980.32
2003/4/27,171468.9517
2003/4/28,193289.0333
2003/4/29,196314.1067
2003/4/30,195679.7967
2003/5/1,197737.9717
2003/5/2,196486.5667
2003/5/3,181194.03
2003/5/4,178234.9484
2003/5/5,203591.6733
2003/5/6,203130.3117
2003/5/7,200773.0384
2003/5/8,200078.3367
2003/5/9,198462.7083
2003/5/10,183299.2433
2003/5/11,176106.33
2003/5/12,199005.795
2003/5/13,207520.3817
2003/5/14,206865.145
2003/5/15,206877.86
2003/5/16,203988.4783
2003/5/17,187603.8817
2003/5/18,179224.11
2003/5/19,197511.21
2003/5/20,202403.4167
2003/5/21,203002.2333
2003/5/22,206758.01
2003/5/23,206651.325
2003/5/24,194556.325
2003/5/25,189900.0883
2003/5/26,212053.0017
2003/5/27,215096.9017
2003/5/28,210032.6883
2003/5/29,210596.2417
2003/5/30,209172.245
2003/5/31,193741.0733
2003/6/1,181318.3667
2003/6/2,203082.3333
2003/6/3,203930.3484
2003/6/4,202105.245
2003/6/5,204287.5133
2003/6/6,206638.8383
2003/6/7,196007.6133
2003/6/8,188875.8383
2003/6/9,194578.9667
2003/6/10,215481.2667
2003/6/11,216247.1417
2003/6/12,214636.3783
2003/6/13,210886.475
2003/6/14,204666.045
2003/6/15,196587.21
2003/6/16,221635.3083
2003/6/17,224684.3284
2003/6/18,218363.15
2003/6/19,218429.2633
2003/6/20,216364.7583
2003/6/21,203467.485
2003/6/22,197791.1967
2003/6/23,222750.625
2003/6/24,232366.6717
2003/6/25,231833.4933
2003/6/26,221047.6717
2003/6/27,212101.2817
2003/6/28,194440.3067
2003/6/29,185038.7217
2003/6/30,211772.6666
2003/7/1,225523.54
2003/7/2,233579.5883
2003/7/3,228343.91
2003/7/4,228392.8817
2003/7/5,212786.6483
2003/7/6,201170.7917
2003/7/7,227530.1417
2003/7/8,229294.385
2003/7/9,222997.665
2003/7/10,218417.88
2003/7/11,213923.245
2003/7/12,198059.5117
2003/7/13,193794.1367
2003/7/14,218716.3217
2003/7/15,220397.5233
2003/7/16,217198.055
2003/7/17,221931.23
2003/7/18,218643.36
2003/7/19,208886.855
2003/7/20,198559.8583
2003/7/21,218395.79
2003/7/22,221157.0917
2003/7/23,213031.4083
2003/7/24,222071.4083
2003/7/25,225478.0117
2003/7/26,212934.6483
2003/7/27,206310.9617
2003/7/28,232981.31
2003/7/29,238283.8734
2003/7/30,237819.1116
2003/7/31,236203.0817
2003/8/1,229450.8933
2003/8/2,211758.555
2003/8/3,200312.895
2003/8/4,218091.0233
2003/8/5,217842.025
2003/8/6,216568.58
2003/8/7,220120.175
2003/8/8,221042.1633
2003/8/9,207621.3767
2003/8/10,203261.675
2003/8/11,229212.545
2003/8/12,219360.0517
2003/8/13,211396.9517
2003/8/14,206370.6033
2003/8/15,215657.9433
2003/8/16,203316.2767
2003/8/17,189212.5983
2003/8/18,213522.9934
2003/8/19,226096.1583
2003/8/20,226678.9083
2003/8/21,227067.0117
2003/8/22,220284.0483
2003/8/23,205575.2734
2003/8/24,187942.4083
2003/8/25,206245.77
2003/8/26,215830.715
2003/8/27,219277.1283
2003/8/28,217959.9833
2003/8/29,213363.2817
2003/8/30,194571.5533
2003/8/31,186526.45
2003/9/1,211760.8517
2003/9/2,212715.8717
2003/9/3,211153.3533
2003/9/4,209800.0183
2003/9/5,206343.0483
2003/9/6,190638.095
2003/9/7,179792.335
2003/9/8,205575.1484
2003/9/9,212061.7783
2003/9/10,206262.3484
2003/9/11,202456.8267
2003/9/12,201613.2617
2003/9/13,184282.435
2003/9/14,178208.2783
2003/9/15,204736.5517
2003/9/16,206014.62
2003/9/17,200906.6333
2003/9/18,199890.985
2003/9/19,197070.1017
2003/9/20,181723.3067
2003/9/21,174693.35
2003/9/22,197006.9233
2003/9/23,203959.28
2003/9/24,201511.695
2003/9/25,201453.4633
2003/9/26,199654.555
2003/9/27,180831.69
2003/9/28,174351.08
2003/9/29,197674.2884
2003/9/30,200574.5267
2003/10/1,206805.33
2003/10/2,200549.095
2003/10/3,198961.4217
2003/10/4,180654.8833
2003/10/5,171991.4133
2003/10/6,177617.3883
2003/10/7,193507.9133
2003/10/8,195973.0767
2003/10/9,199066.065
2003/10/10,199724.165
2003/10/11,189234.0617
2003/10/12,178848.8167
2003/10/13,198069.915
2003/10/14,199095.815
2003/10/15,196391.7217
2003/10/16,195391.76
2003/10/17,192796.255
2003/10/18,176656.2583
2003/10/19,168608.3917
2003/10/20,188832.3117
2003/10/21,196226.4617
2003/10/22,194061.0267
2003/10/23,194570.1983
2003/10/24,193690.7733
2003/10/25,175641.4167
2003/10/26,165088.795
2003/10/27,188541.5683
2003/10/28,195419.0717
2003/10/29,195445.0583
2003/10/30,194203.81
2003/10/31,195112.0533
2003/11/1,176629.7067
2003/11/2,171356.3033
2003/11/3,191927.73
2003/11/4,194240.4283
2003/11/5,197190.3633
2003/11/6,195592.3717
2003/11/7,194052.5483
2003/11/8,176470.4117
2003/11/9,168779.6917
2003/11/10,196901.3183
2003/11/11,203565.0567
2003/11/12,196592.7717
2003/11/13,193379.8583
2003/11/14,194792.9567
2003/11/15,188410.6916
2003/11/16,174196.5433
2003/11/17,191015.7017
2003/11/18,195432.37
2003/11/19,203507.8817
2003/11/20,212393.6217
2003/11/21,203710.1117
2003/11/22,178132.7517
2003/11/23,169689.1767
2003/11/24,192963.21
2003/11/25,194796.4833
2003/11/26,195365.86
2003/11/27,194561.33
2003/11/28,194051.2267
2003/11/29,179292.395
2003/11/30,172464.9883
2003/12/1,200894.0917
2003/12/2,200715.2233
2003/12/3,200093.7817
2003/12/4,204671.2717
2003/12/5,197710.2933
2003/12/6,174641.5933
2003/12/7,167083.7233
2003/12/8,191843.9267
2003/12/9,200060.855
2003/12/10,206256.5717
2003/12/11,213205.2117
2003/12/12,200918.655
2003/12/13,188243.6666
2003/12/14,172971.9034
2003/12/15,201613.4133
2003/12/16,206202.58
2003/12/17,209426.285
2003/12/18,212094.44
2003/12/19,222335.78
2003/12/20,186619.015
2003/12/21,179290.3483
2003/12/22,207624.9683
2003/12/23,193095.98
2003/12/24,190257.1767
2003/12/25,179270.16
2003/12/26,170662.6383
2003/12/27,164685.5234
2003/12/28,159949.9233
2003/12/29,177819.7117
2003/12/30,191264.955
2003/12/31,198299.5117
2004/1/1,188576.6
2004/1/2,198028.295
2004/1/3,191963.3083
2004/1/4,193555.6067
2004/1/5,215519.7183
2004/1/6,198256.32
2004/1/7,217275.9567
2004/1/8,199966.2233
2004/1/9,195453.9083
2004/1/10,192517.2017
2004/1/11,184631.375
2004/1/12,203205.2767
2004/1/13,214969.8433
2004/1/14,201588.6533
2004/1/15,199445.395
2004/1/16,200232.3383
2004/1/17,187587.8233
2004/1/18,169283.365
2004/1/19,193417.865
2004/1/20,208163.3217
2004/1/21,221776.5383
2004/1/22,223973.4717
2004/1/23,203778.3033
2004/1/24,185738.2967
2004/1/25,173062.7517
2004/1/26,176683.1183
2004/1/27,202999.1933
2004/1/28,211668.4417
2004/1/29,210258.195
2004/1/30,204303.1616
2004/1/31,179157.8183
2004/2/1,175084.4383
2004/2/2,198765.865
2004/2/3,199118.2233
2004/2/4,200322.4267
2004/2/5,209285.31
2004/2/6,226943.375
2004/2/7,206430.7233
2004/2/8,198900.1717
2004/2/9,230407.71
2004/2/10,232549.4917
2004/2/11,235837.7833
2004/2/12,232195.1017
2004/2/13,232326.905
2004/2/14,207264.0483
2004/2/15,208658.6683
2004/2/16,219102.5983
2004/2/17,212577.8334
2004/2/18,216858.1833
2004/2/19,222262.9183
2004/2/20,228375.8167
2004/2/21,212005.255
2004/2/22,186757.2517
2004/2/23,203178.05
2004/2/24,198630.5767
2004/2/25,198044.9933
2004/2/26,195758.5267
2004/2/27,195294.1733
2004/2/28,181857.1983
2004/2/29,173839.3617
2004/3/1,192176.9817
2004/3/2,196395.72
2004/3/3,197246.7367
2004/3/4,200964.9333
2004/3/5,203114.9717
2004/3/6,183196.0217
2004/3/7,176418.95
2004/3/8,216031.7067
2004/3/9,231100.555
2004/3/10,203643.5767
2004/3/11,196392.4033
2004/3/12,201200.9633
2004/3/13,180604.34
2004/3/14,170799.7167
2004/3/15,199472.5567
2004/3/16,203576.8967
2004/3/17,203570.54
2004/3/18,202703.375
2004/3/19,202806.34
2004/3/20,185326.8467
2004/3/21,171298.7233
2004/3/22,194555.9017
2004/3/23,196225.7683
2004/3/24,196889.4234
2004/3/25,202195.78
2004/3/26,204518.3717
2004/3/27,181581.145
2004/3/28,172513.2917
2004/3/29,198429.6417
2004/3/30,203014.72
2004/3/31,197758.3583
2004/4/1,197597.27
2004/4/2,198294.9967
2004/4/3,184555.3433
2004/4/4,175976.9517
2004/4/5,197430.1033
2004/4/6,200086.2117
2004/4/7,197497.1
2004/4/8,193791.3683
2004/4/9,168237.5417
2004/4/10,170779.09
2004/4/11,164750.0334
2004/4/12,169475.4
2004/4/13,188267.9517
2004/4/14,194188.7567
2004/4/15,197048.3717
2004/4/16,198175.8683
2004/4/17,180836.4833
2004/4/18,169366.0717
2004/4/19,191730.3217
2004/4/20,197116.9317
2004/4/21,199056.0233
2004/4/22,200103.2833
2004/4/23,199516.6733
2004/4/24,180691.9267
2004/4/25,170796.04
2004/4/26,174857.6817
2004/4/27,198668.7117
2004/4/28,200226.8067
2004/4/29,199590.27
2004/4/30,197959.7417
2004/5/1,184224.0667
2004/5/2,180779.1167
2004/5/3,202167.7917
2004/5/4,206535.8933
2004/5/5,204427.1933
2004/5/6,204651.2083
2004/5/7,203281.1283
2004/5/8,188027.6017
2004/5/9,180277.9217
2004/5/10,203110.8483
2004/5/11,208512.3267
2004/5/12,209507.3667
2004/5/13,209809.0217
2004/5/14,210004.7617
2004/5/15,195121.9717
2004/5/16,184283.8167
2004/5/17,206758.3
2004/5/18,213202.915
2004/5/19,209121.5634
2004/5/20,213816.155
2004/5/21,210353.625
2004/5/22,193891.49
2004/5/23,184058.0133
2004/5/24,204442.2633
2004/5/25,209671.0333
2004/5/26,209155.5383
2004/5/27,216889.1883
2004/5/28,221347.16
2004/5/29,205787.735
2004/5/30,200471.3317
2004/5/31,221935.0517
2004/6/1,222650.41
2004/6/2,225099.405
2004/6/3,216498.8934
2004/6/4,219100.3383
2004/6/5,209117.355
2004/6/6,201346.5683
2004/6/7,220829.4967
2004/6/8,222835.74
2004/6/9,219223.9333
2004/6/10,218052.435
2004/6/11,218102.3283
2004/6/12,208045.9633
2004/6/13,193533.04
2004/6/14,187654.495
2004/6/15,214485.045
2004/6/16,225323.8933
2004/6/17,230122.0767
2004/6/18,232554.8733
2004/6/19,215550.1733
2004/6/20,210744.0483
2004/6/21,228309.82
2004/6/22,231016.59
2004/6/23,227771.3967
2004/6/24,227388.105
2004/6/25,226318.055
2004/6/26,214578.8033
2004/6/27,204325.2567
2004/6/28,227292.9433
2004/6/29,228153.745
2004/6/30,225031.1
2004/7/1,222987.305
2004/7/2,223525.2533
2004/7/3,208015.2517
2004/7/4,191121.555
2004/7/5,217234.4933
2004/7/6,226239.2817
2004/7/7,234135.6167
2004/7/8,233766.82
2004/7/9,227683.7917
2004/7/10,206941.02
2004/7/11,199277.6533
2004/7/12,218678.42
2004/7/13,226260.13
2004/7/14,226830.2117
2004/7/15,230969.0317
2004/7/16,227444.4467
2004/7/17,221685.68
2004/7/18,224794.9917
2004/7/19,246404.505
2004/7/20,242976.535
2004/7/21,239025.6567
2004/7/22,236818.215
2004/7/23,234256.3984
2004/7/24,218613.4733
2004/7/25,201973.7334
2004/7/26,230073.1167
2004/7/27,229944.89
2004/7/28,233021.74
2004/7/29,232520.06
2004/7/30,228157.05
2004/7/31,210222.8483
2004/8/1,201338.1183
2004/8/2,223473.5
2004/8/3,229325.96
2004/8/4,233678.8933
2004/8/5,229921.245
2004/8/6,227332.5633
2004/8/7,213207.715
2004/8/8,205337.19
2004/8/9,224107.3584
2004/8/10,230010.5617
2004/8/11,226084.1267
2004/8/12,223622.1567
2004/8/13,219604.8683
2004/8/14,201788.91
2004/8/15,205071.4917
2004/8/16,230632.505
2004/8/17,233171.1233
2004/8/18,240422.3417
2004/8/19,230199.1
2004/8/20,222050.8984
2004/8/21,201532.1817
2004/8/22,187219.1717
2004/8/23,207601.6217
2004/8/24,211398.2333
2004/8/25,208703.5
2004/8/26,206524.995
2004/8/27,201473.8067
2004/8/28,185450.3917
2004/8/29,183820.4067
2004/8/30,204754.6167
2004/8/31,208145.8434
2004/9/1,214187.5783
2004/9/2,213045.125
2004/9/3,211515.0767
2004/9/4,197841.0884
2004/9/5,192276.4033
2004/9/6,209729.9733
2004/9/7,215918.29
2004/9/8,203400.1567
2004/9/9,204361.9933
2004/9/10,205411.0983
2004/9/11,192372.0033
2004/9/12,191086.3483
2004/9/13,212055.3233
2004/9/14,210970.8067
2004/9/15,208980.2417
2004/9/16,206616.4817
2004/9/17,205096.105
2004/9/18,188235.465
2004/9/19,179759.6183
2004/9/20,201220.85
2004/9/21,203318.3917
2004/9/22,201876.3534
2004/9/23,200116.1316
2004/9/24,197685.8233
2004/9/25,181964.8267
2004/9/26,172623.7283
2004/9/27,194650.885
2004/9/28,198520.7917
2004/9/29,200548.14
2004/9/30,198320.075
2004/10/1,208065.2834
2004/10/2,186226.265
2004/10/3,171402.46
2004/10/4,171316.5233
2004/10/5,193269.78
2004/10/6,194400.3517
2004/10/7,196391.3433
2004/10/8,193173.2784
2004/10/9,178075.945
2004/10/10,169368.295
2004/10/11,195353.415
2004/10/12,207851.8883
2004/10/13,220072.31
2004/10/14,213280.03
2004/10/15,196018.4433
2004/10/16,179309.4533
2004/10/17,174286.6167
2004/10/18,200836.34
2004/10/19,205888.075
2004/10/20,202624.6717
2004/10/21,202685.485
2004/10/22,198602.925
2004/10/23,181827.805
2004/10/24,176003.43
2004/10/25,195648.3283
2004/10/26,202201.405
2004/10/27,200883.9867
2004/10/28,196970.2783
2004/10/29,195034.9933
2004/10/30,179696.48
2004/10/31,172210.635
2004/11/1,194477.6717
2004/11/2,199825.1267
2004/11/3,195881.0717
2004/11/4,199084.8983
2004/11/5,200825.1867
2004/11/6,180155.3467
2004/11/7,170404.2167
2004/11/8,192891.2967
2004/11/9,195968.2283
2004/11/10,195679.3167
2004/11/11,197999.305
2004/11/12,198115.0183
2004/11/13,179700.1617
2004/11/14,170680.9684
2004/11/15,196913.185
2004/11/16,199018.0533
2004/11/17,204235.4617
2004/11/18,220865.0917
2004/11/19,216419.2517
2004/11/20,178602.585
2004/11/21,171391.765
2004/11/22,194224.4033
2004/11/23,197178.005
2004/11/24,197570.8533
2004/11/25,199112.0517
2004/11/26,201338.8317
2004/11/27,195137.0283
2004/11/28,198099.875
2004/11/29,214242.2483
2004/11/30,240566.51
2004/12/1,234393.4784
2004/12/2,202403.48
2004/12/3,198726.7
2004/12/4,181546.7067
2004/12/5,176544.6483
2004/12/6,201962.7217
2004/12/7,205514.9967
2004/12/8,208977.0033
2004/12/9,213833.4983
2004/12/10,207113.4367
2004/12/11,190296.8933
2004/12/12,181467.3017
2004/12/13,205853.7317
2004/12/14,208797.0583
2004/12/15,198907.9967
2004/12/16,203853.8383
2004/12/17,205118.0467
2004/12/18,188780.935
2004/12/19,194720.92
2004/12/20,199861.0134
2004/12/21,205293.4183
2004/12/22,211838.5267
2004/12/23,207147.7716
2004/12/24,198910.5667
2004/12/25,155427.5533
2004/12/26,154399.5967
2004/12/27,165644.305
2004/12/28,160532.1083
2004/12/29,170184.3133
2004/12/30,173492.8583
2004/12/31,175524.1217
2005/1/1,171897.705
2005/1/2,171469.7617
2005/1/3,176153.1583
2005/1/4,192705.8667
2005/1/5,200580.9366
2005/1/6,198427.015
2005/1/7,190242.0284
2005/1/8,173658.3567
2005/1/9,168343.59
2005/1/10,192739.7517
2005/1/11,199711.085
2005/1/12,216142.15
2005/1/13,226295.9367
2005/1/14,232527.745
2005/1/15,201577.5133
2005/1/16,189584.32
2005/1/17,194421.1
2005/1/18,197916.5883
2005/1/19,207019.6133
2005/1/20,217327.37
2005/1/21,212644.6184
2005/1/22,193538.5867
2005/1/23,179334.5717
2005/1/24,209698.995
2005/1/25,211870.87
2005/1/26,189679.26
2005/1/27,211872.9183
2005/1/28,218254.24
2005/1/29,202484.4133
2005/1/30,187086.43
2005/1/31,215794.1033
2005/2/1,229228.48
2005/2/2,212585.3484
2005/2/3,197758.6533
2005/2/4,199802.57
2005/2/5,181385.0683
2005/2/6,179312.49
2005/2/7,218090.7167
2005/2/8,236771.2183
2005/2/9,217336.8217
2005/2/10,202060.3967
2005/2/11,200949.9
2005/2/12,184462.3983
2005/2/13,173961.9233
2005/2/14,206490.7
2005/2/15,223677.6517
2005/2/16,212040.5367
2005/2/17,204869.6383
2005/2/18,213894.1483
2005/2/19,201405.9917
2005/2/20,179426.99
2005/2/21,208424.7233
2005/2/22,216179.9717
2005/2/23,218426.1366
2005/2/24,228885.4483
2005/2/25,231531.085
2005/2/26,199767.5267
2005/2/27,181301.9767
2005/2/28,210953.435
2005/3/1,222902.5183
2005/3/2,215252.175
2005/3/3,212738.5433
2005/3/4,215088.995
2005/3/5,186400.1217
2005/3/6,172305.9367
2005/3/7,199234.35
2005/3/8,207204.525
2005/3/9,209865.4217
2005/3/10,209697.19
2005/3/11,208934.3383
2005/3/12,191049.4217
2005/3/13,185674.4033
2005/3/14,216134.53
2005/3/15,222200.85
2005/3/16,210133.1933
2005/3/17,202308.1
2005/3/18,198404.6733
2005/3/19,180679.9267
2005/3/20,173672.205
2005/3/21,197118.2217
2005/3/22,202557.705
2005/3/23,202521.3383
2005/3/24,198732.4167
2005/3/25,173037.59
2005/3/26,173758.9933
2005/3/27,166783.7117
2005/3/28,173490.5783
2005/3/29,192894.76
2005/3/30,200906.9183
2005/3/31,201941.0784
2005/4/1,200277.275
2005/4/2,185749.8133
2005/4/3,182585.585
2005/4/4,201113.2017
2005/4/5,202006.835
2005/4/6,201274.7017
2005/4/7,204046.43
2005/4/8,204247.985
2005/4/9,187648.1933
2005/4/10,179667.7617
2005/4/11,202611.1017
2005/4/12,204698.3667
2005/4/13,203318.1567
2005/4/14,204463.8667
2005/4/15,201982.72
2005/4/16,184939.3567
2005/4/17,177378.3283
2005/4/18,204004.4933
2005/4/19,204883.7833
2005/4/20,202209.985
2005/4/21,201606.28
2005/4/22,200924.0867
2005/4/23,184062.5617
2005/4/24,175028.9067
2005/4/25,175437.1183
2005/4/26,202565.3583
2005/4/27,205881.4384
2005/4/28,207506.0733
2005/4/29,204424.1234
2005/4/30,186287.6533
2005/5/1,178272.715
2005/5/2,199907.605
2005/5/3,204836.3917
2005/5/4,203071.665
2005/5/5,204178.02
2005/5/6,202151.2467
2005/5/7,188210.8367
2005/5/8,178972.0667
2005/5/9,204282.6133
2005/5/10,207714.57
2005/5/11,205485.7917
2005/5/12,208588.065
2005/5/13,206756.4117
2005/5/14,190546.5317
2005/5/15,184377.5283
2005/5/16,208164.4833
2005/5/17,215310.1267
2005/5/18,216279.5
2005/5/19,218997.025
2005/5/20,217257.91
2005/5/21,199908.2367
2005/5/22,190420.35
2005/5/23,213557.3533
2005/5/24,220710.7916
2005/5/25,215162.3967
2005/5/26,220232.375
2005/5/27,223814.175
2005/5/28,206925.3916
2005/5/29,200943.9833
2005/5/30,224057.1617
2005/5/31,228820.3783
2005/6/1,226559.9
2005/6/2,229624.61
2005/6/3,227590.0283
2005/6/4,207164.7217
2005/6/5,198748.175
2005/6/6,216728.755
2005/6/7,222093.4917
2005/6/8,220413.41
2005/6/9,220597.8467
2005/6/10,215215.7833
2005/6/11,202424.4517
2005/6/12,189318.26
2005/6/13,197615.515
2005/6/14,213977.0817
2005/6/15,221094.335
2005/6/16,229099.59
2005/6/17,230477.63
2005/6/18,218168.9966
2005/6/19,208916.9817
2005/6/20,223544.3633
2005/6/21,231663.005
2005/6/22,235984.5433
2005/6/23,250689.1117
2005/6/24,237612.6033
2005/6/25,217624.93
2005/6/26,208753.215
2005/6/27,229340.905
2005/6/28,234870.63
2005/6/29,229243.9783
2005/6/30,230739.1134
2005/7/1,220292.0567
2005/7/2,208745.1033
2005/7/3,202507.6017
2005/7/4,223299.3017
2005/7/5,224104.1717
2005/7/6,222258.1117
2005/7/7,224748.0033
2005/7/8,226384.7217
2005/7/9,208844.0767
2005/7/10,213819.4483
2005/7/11,225429.6717
2005/7/12,241219.8917
2005/7/13,229762.98
2005/7/14,231437.0817
2005/7/15,232287.2117
2005/7/16,217398.8617
2005/7/17,211571.5834
2005/7/18,237365.5817
2005/7/19,241431.7183
2005/7/20,235404.9383
2005/7/21,236389.0167
2005/7/22,231182.1167
2005/7/23,214756.6817
2005/7/24,204040.555
2005/7/25,219589.82
2005/7/26,222332.6117
2005/7/27,219502.3033
2005/7/28,224031.835
2005/7/29,224316.185
2005/7/30,203946.9017
2005/7/31,195308.0617
2005/8/1,218524.905
2005/8/2,221278.5
2005/8/3,219620.31
2005/8/4,222198.7767
2005/8/5,230342.6
2005/8/6,216205.87
2005/8/7,206860.88
2005/8/8,226382.8867
2005/8/9,229561.9484
2005/8/10,231720.8783
2005/8/11,244842.0367
2005/8/12,242443.92
2005/8/13,221356.32
2005/8/14,206548.0767
2005/8/15,224643.4483
2005/8/16,230072.9583
2005/8/17,230284.1283
2005/8/18,223937.9817
2005/8/19,219285.7033
2005/8/20,206747.385
2005/8/21,196368.075
2005/8/22,220884.96
2005/8/23,230577.925
2005/8/24,227946.1833
2005/8/25,225223.5883
2005/8/26,220505.2317
2005/8/27,203109.5417
2005/8/28,192859.255
2005/8/29,212299.375
2005/8/30,211966.9017
2005/8/31,208605.5483
2005/9/1,212469.585
2005/9/2,211411.7433
2005/9/3,200933.0433
2005/9/4,202024.3133
2005/9/5,217748.505
2005/9/6,217214.6784
2005/9/7,212659.945
2005/9/8,208243.6617
2005/9/9,204122.9184
2005/9/10,186077.5283
2005/9/11,180301.545
2005/9/12,209989.9317
2005/9/13,214530.1067
2005/9/14,211026.285
2005/9/15,208304.5467
2005/9/16,216473.0033
2005/9/17,200848.28
2005/9/18,189187.6967
2005/9/19,209764.405
2005/9/20,210707.8717
2005/9/21,206687.0683
2005/9/22,206293.9084
2005/9/23,202783.28
2005/9/24,185832.7933
2005/9/25,177699.8617
2005/9/26,201608.93
2005/9/27,203895.8967
2005/9/28,203241.27
2005/9/29,203753.3834
2005/9/30,199884.955
2005/10/1,182741.8183
2005/10/2,173594.5617
2005/10/3,179254.255
2005/10/4,195346.6367
2005/10/5,201808.8517
2005/10/6,200501.4117
2005/10/7,197392.1367
2005/10/8,185185.7017
2005/10/9,177749.8667
2005/10/10,197115.545
2005/10/11,203833.3083
2005/10/12,202192.4767
2005/10/13,203660.9533
2005/10/14,199978.6733
2005/10/15,183595.5317
2005/10/16,180508.6267
2005/10/17,199708.3467
2005/10/18,201895.11
2005/10/19,201173.6133
2005/10/20,202797.11
2005/10/21,200592.5217
2005/10/22,183597.0584
2005/10/23,176797.485
2005/10/24,200686.72
2005/10/25,206070.6434
2005/10/26,207157.2683
2005/10/27,206752.11
2005/10/28,202680.6867
2005/10/29,187505.05
2005/10/30,180942.5667
2005/10/31,205303.2967
2005/11/1,208150.99
2005/11/2,214276.6917
2005/11/3,221369.585
2005/11/4,208066.3733
2005/11/5,183423.015
2005/11/6,175323.0717
2005/11/7,201436.2283
2005/11/8,208328.505
2005/11/9,226526.5317
2005/11/10,221583.2133
2005/11/11,198713.7967
2005/11/12,181900.8834
2005/11/13,174371.5217
2005/11/14,202591.6984
2005/11/15,201611.8333
2005/11/16,196651.7734
2005/11/17,198476.4567
2005/11/18,201131.335
2005/11/19,189710.3983
2005/11/20,176757.6816
2005/11/21,200444.135
2005/11/22,209950.4917
2005/11/23,199367.51
2005/11/24,201396.39
2005/11/25,202214.7633
2005/11/26,186874.4517
2005/11/27,179314.53
2005/11/28,198144.3733
2005/11/29,203153.82
2005/11/30,203453.9333
2005/12/1,210517.445
2005/12/2,210354.755
2005/12/3,181541.8233
2005/12/4,179566.89
2005/12/5,215938.79
2005/12/6,225549.22
2005/12/7,242623.015
2005/12/8,229133.64
2005/12/9,212905.8333
2005/12/10,191846.515
2005/12/11,178448.665
2005/12/12,204471.5467
2005/12/13,215863.5133
2005/12/14,211309.8033
2005/12/15,215194.9283
2005/12/16,216692.2317
2005/12/17,192346.55
2005/12/18,174812.94
2005/12/19,199589.575
2005/12/20,206803.7583
2005/12/21,228343.8783
2005/12/22,216681.625
2005/12/23,216151.2667
2005/12/24,205681.2633
2005/12/25,164986.5917
2005/12/26,170940.28
2005/12/27,187870.7134
2005/12/28,215390.3733
2005/12/29,207055.3433
2005/12/30,215014.6783
2005/12/31,215398.8283
2006/1/1,220083.6483
2006/1/2,184719.9183
2006/1/3,207809.7983
2006/1/4,193340.22
2006/1/5,193873.1783
2006/1/6,198841.3484
2006/1/7,183002.2333
2006/1/8,181143.7333
2006/1/9,211944.2483
2006/1/10,234133.9766
2006/1/11,234012.8233
2006/1/12,219936.87
2006/1/13,212230.025
2006/1/14,207183.4983
2006/1/15,183877.28
2006/1/16,216292.6567
2006/1/17,218347.0067
2006/1/18,206012.1567
2006/1/19,203500.2
2006/1/20,208071.6117
2006/1/21,208606.4683
2006/1/22,208961.2533
2006/1/23,242788.49
2006/1/24,218092.74
2006/1/25,207577.8333
2006/1/26,196420.8783
2006/1/27,227583.485
2006/1/28,205178.0983
2006/1/29,197410.965
2006/1/30,232372.2767
2006/1/31,217881.9517
2006/2/1,245291.98
2006/2/2,252189.5067
2006/2/3,222947.9733
2006/2/4,191668.4333
2006/2/5,185637.9434
2006/2/6,234680.2517
2006/2/7,205934.1667
2006/2/8,207812.0417
2006/2/9,227471.83
2006/2/10,207596.275
2006/2/11,188485.4833
2006/2/12,196973.5617
2006/2/13,219405.4533
2006/2/14,211693.4883
2006/2/15,215298.1183
2006/2/16,217155.3733
2006/2/17,229099.0333
2006/2/18,214848.855
2006/2/19,206861.34
2006/2/20,218506.3767
2006/2/21,220238.5034
2006/2/22,217686.4267
2006/2/23,217327.5067
2006/2/24,221938.0617
2006/2/25,202153.6984
2006/2/26,190236.235
2006/2/27,205873.5583
2006/2/28,212434.3883
2006/3/1,210574.7967
2006/3/2,212253.3233
2006/3/3,208253.9567
2006/3/4,188674.6867
2006/3/5,182044.815
2006/3/6,218828.3984
2006/3/7,217455.92
2006/3/8,212610.8883
2006/3/9,224174.5683
2006/3/10,220358.0083
2006/3/11,197515.5983
2006/3/12,200632.14
2006/3/13,229092.0317
2006/3/14,218530.825
2006/3/15,215364.58
2006/3/16,217992.2717
2006/3/17,207455.7983
2006/3/18,186071.6267
2006/3/19,190163.9483
2006/3/20,205244.3533
2006/3/21,207594.8083
2006/3/22,206440.6167
2006/3/23,209841.895
2006/3/24,206866.46
2006/3/25,185397.56
2006/3/26,178986.915
2006/3/27,207910.075
2006/3/28,211915.5517
2006/3/29,210548.7033
2006/3/30,210618.3683
2006/3/31,206246.5267
2006/4/1,183640.135
2006/4/2,177170.44
2006/4/3,201960.7334
2006/4/4,208440.0817
2006/4/5,211185.555
2006/4/6,205058.25
2006/4/7,204344.3583
2006/4/8,188315.345
2006/4/9,180793.7983
2006/4/10,204089.1367
2006/4/11,209581.375
2006/4/12,211966.5567
2006/4/13,208332.23
2006/4/14,181136.95
2006/4/15,178616.36
2006/4/16,174035.1533
2006/4/17,179725.4317
2006/4/18,198152.975
2006/4/19,206283.78
2006/4/20,206090.2117
2006/4/21,202881.275
2006/4/22,190559.1717
2006/4/23,184776.7433
2006/4/24,198836.3767
2006/4/25,187370.3134
2006/4/26,204664.9917
2006/4/27,208741.7083
2006/4/28,206635.345
2006/4/29,191875.305
2006/4/30,185268.5883
2006/5/1,208144.4784
2006/5/2,211877.425
2006/5/3,210585.2167
2006/5/4,209890.9934
2006/5/5,210602.625
2006/5/6,194000.9934
2006/5/7,188604.2517
2006/5/8,216131.4033
2006/5/9,224279.2033
2006/5/10,218391.8117
2006/5/11,220849.2833
2006/5/12,220596.2234
2006/5/13,200866.095
2006/5/14,193963.1733
2006/5/15,216703.6417
2006/5/16,218465.9867
2006/5/17,216219.8933
2006/5/18,218245.0683
2006/5/19,215280.5617
2006/5/20,201812.2134
2006/5/21,194988.5434
2006/5/22,222343.925
2006/5/23,237598.6517
2006/5/24,226819.5434
2006/5/25,225412.6167
2006/5/26,224905.84
2006/5/27,213577.89
2006/5/28,206288.98
2006/5/29,231472.88
2006/5/30,240748.25
2006/5/31,236068.69
2006/6/1,234212.68
2006/6/2,244844.21
2006/6/3,224699.58
2006/6/4,214196.28
2006/6/5,245371.72
2006/6/6,244672.75
2006/6/7,238227.11
2006/6/8,237107.4
2006/6/9,237505.92
2006/6/10,221951.17
2006/6/11,220284.42
2006/6/12,224755.23
2006/6/13,246549.17
2006/6/14,248570.81
2006/6/15,252044.3
2006/6/16,248010.71
2006/6/17,230364.49
2006/6/18,222360.62
2006/6/19,244905.14
2006/6/20,241897.4
2006/6/21,243512.92
2006/6/22,240114.17
2006/6/23,240575.43
2006/6/24,220929.8
2006/6/25,222606.32
2006/6/26,245614.62
2006/6/27,249656.63
2006/6/28,247253.99
2006/6/29,243200.9
2006/6/30,251366.12
2006/7/1,226296.86
2006/7/2,218686.13
2006/7/3,238540.52
2006/7/4,242522.05
2006/7/5,238147.88
2006/7/6,238730.69
2006/7/7,241808.25
2006/7/8,228058.77
2006/7/9,222588.5
2006/7/10,241559.19
2006/7/11,236174.19
2006/7/12,236158.26
2006/7/13,244389.19
2006/7/14,241599.36
2006/7/15,228718.72
2006/7/16,212045.62
2006/7/17,233105.53
2006/7/18,240725.34
2006/7/19,246180.36
2006/7/20,250426.02
2006/7/21,245598.19
2006/7/22,226819.78
2006/7/23,216652.63
2006/7/24,243442.76
2006/7/25,239746.04
2006/7/26,238351.93
2006/7/27,234018.9
2006/7/28,232592.09
2006/7/29,213437.56
2006/7/30,206779.58
2006/7/31,235973.85
2006/8/1,240218.84
2006/8/2,247409.22
2006/8/3,242773.93
2006/8/4,252414.55
2006/8/5,228231.91
2006/8/6,215700.42
2006/8/7,237365.6
2006/8/8,241709.47
2006/8/9,243350.57
2006/8/10,240458.36
2006/8/11,236676.21
2006/8/12,217696.42
2006/8/13,206846.11
2006/8/14,228504.55
2006/8/15,234428.04
2006/8/16,230071.72
2006/8/17,225382.68
2006/8/18,220583.81
2006/8/19,208889.51
2006/8/20,204258.18
2006/8/21,225273.31
2006/8/22,224887.08
2006/8/23,221357.84
2006/8/24,224802.24
2006/8/25,221934.84
2006/8/26,208777.21
2006/8/27,198333.01
2006/8/28,221770.38
2006/8/29,227300.87
2006/8/30,221601.27
2006/8/31,218631.68
2006/9/1,214092.58
2006/9/2,194841.89
2006/9/3,184458.81
2006/9/4,207037.5
2006/9/5,213459.16
2006/9/6,217324.46
2006/9/7,227870.12
2006/9/8,221361.19
2006/9/9,216300.71
2006/9/10,212076.53
2006/9/11,228517.81
2006/9/12,227342.42
2006/9/13,216885.92
2006/9/14,216119.81
2006/9/15,210774.3
2006/9/16,194891.87
2006/9/17,186505.32
2006/9/18,207134.1
2006/9/19,211613.53
2006/9/20,210073.58
2006/9/21,209525.48
2006/9/22,209883.01
2006/9/23,193239.25
2006/9/24,187726.69
2006/9/25,204651.71
2006/9/26,211136.3
2006/9/27,210089.11
2006/9/28,208171.03
2006/9/29,206124.9
2006/9/30,188855.69
2006/10/1,179898.81
2006/10/2,182355.48
2006/10/3,201614.22
2006/10/4,203005.04
2006/10/5,207659.31
2006/10/6,203689.79
2006/10/7,190176.61
2006/10/8,181812.49
2006/10/9,201621.38
2006/10/10,206640.01
2006/10/11,206287.69
2006/10/12,212180.64
2006/10/13,222940.73
2006/10/14,211682.28
2006/10/15,185294.56
2006/10/16,203913.46
2006/10/17,209363.34
2006/10/18,213207.97
2006/10/19,215447.82
2006/10/20,212473.81
2006/10/21,194115.78
2006/10/22,186034.1
2006/10/23,204656.61
2006/10/24,208621.49
2006/10/25,207619.45
2006/10/26,206895.91
2006/10/27,208724.07
2006/10/28,189087.04
2006/10/29,183199.13
2006/10/30,204850.03
2006/10/31,210832.81
2006/11/1,210754.85
2006/11/2,214383.36
2006/11/3,208570.3
2006/11/4,190209.37
2006/11/5,184066.77
2006/11/6,205108.46
2006/11/7,205509.84
2006/11/8,205817.48
2006/11/9,208290.36
2006/11/10,206269.37
2006/11/11,194305.35
2006/11/12,189492.26
2006/11/13,210386.89
2006/11/14,207241.78
2006/11/15,207451.5
2006/11/16,209399.14
2006/11/17,204787.17
2006/11/18,190178.59
2006/11/19,186077.12
2006/11/20,219526.16
2006/11/21,235235.36
2006/11/22,233697.59
2006/11/23,220343.36
2006/11/24,214543.26
2006/11/25,209271.37
2006/11/26,190629.82
2006/11/27,212387.3
2006/11/28,237383.29
2006/11/29,219448.02
2006/11/30,209199.59
2006/12/1,233585.32
2006/12/2,198771.03
2006/12/3,182468.35
2006/12/4,205157.83
2006/12/5,212886.17
2006/12/6,217950.76
2006/12/7,220641.23
2006/12/8,219437.73
2006/12/9,201563.72
2006/12/10,196848.77
2006/12/11,232222.04
2006/12/12,209207.89
2006/12/13,211498.1
2006/12/14,233853.6
2006/12/15,212382.53
2006/12/16,190695.54
2006/12/17,182526.43
2006/12/18,211679.15
2006/12/19,215058.35
2006/12/20,210834.69
2006/12/21,214168.46
2006/12/22,213171.75
2006/12/23,195180.45
2006/12/24,180495.37
2006/12/25,160786.2
2006/12/26,161421.8
2006/12/27,183259.07
2006/12/28,190707.89
2006/12/29,190069.94
2006/12/30,181256
2006/12/31,175263.61
2007/1/1,171661.42
2007/1/2,191754.44
2007/1/3,195390.97
2007/1/4,200316.18
2007/1/5,206107.76
2007/1/6,199874.39
2007/1/7,187508.76
2007/1/8,204644.14
2007/1/9,206128.07
2007/1/10,214094.68
2007/1/11,234612.33
2007/1/12,239365.88
2007/1/13,197678.24
2007/1/14,189397.68
2007/1/15,217828.52
2007/1/16,227502.06
2007/1/17,234472.6
2007/1/18,235246.18
2007/1/19,234108.86
2007/1/20,222249.06
2007/1/21,225673.12
2007/1/22,234234.48
2007/1/23,236853.59
2007/1/24,227878.13
2007/1/25,219910.51
2007/1/26,203232.71
2007/1/27,194921.85
2007/1/28,185898.83
2007/1/29,217834.09
2007/1/30,242274.22
2007/1/31,226235.5
2007/2/1,216925.49
2007/2/2,221036.01
2007/2/3,208713.83
2007/2/4,201841.39
2007/2/5,232583.87
2007/2/6,234138.99
2007/2/7,226477.18
2007/2/8,226005.21
2007/2/9,223850.59
2007/2/10,204905.2
2007/2/11,193430.94
2007/2/12,214605.35
2007/2/13,215564.33
2007/2/14,217369.54
2007/2/15,224169.86
2007/2/16,225552.29
2007/2/17,209176.42
2007/2/18,200537.89
2007/2/19,229583.12
2007/2/20,233781.71
2007/2/21,232982.82
2007/2/22,230945.89
2007/2/23,232123.12
2007/2/24,211343.43
2007/2/25,191570.11
2007/2/26,214844.76
2007/2/27,220781.12
2007/2/28,223258.66
2007/3/1,221901.15
2007/3/2,224452.72
2007/3/3,220939.27
2007/3/4,217607.61
2007/3/5,221754.38
2007/3/6,214124.58
2007/3/7,212947.42
2007/3/8,221152.28
2007/3/9,209962.84
2007/3/10,191594.33
2007/3/11,193621.4
2007/3/12,212426.87
2007/3/13,210985.54
2007/3/14,210162.64
2007/3/15,219486.4
2007/3/16,227181.37
2007/3/17,203289.32
2007/3/18,187243.34
2007/3/19,214130.71
2007/3/20,229136.26
2007/3/21,227160.24
2007/3/22,235595.79
2007/3/23,233777.27
2007/3/24,211336.22
2007/3/25,181389.85
2007/3/26,204608.3
2007/3/27,208627.43
2007/3/28,210545.2
2007/3/29,211034.25
2007/3/30,206049.26
2007/3/31,187587.77
2007/4/1,180394.82
2007/4/2,206197.68
2007/4/3,208985.6
2007/4/4,208900.66
2007/4/5,206089.46
2007/4/6,178787.99
2007/4/7,180654.73
2007/4/8,173827.56
2007/4/9,178214.55
2007/4/10,197813.42
2007/4/11,200619.41
2007/4/12,203771.75
2007/4/13,201685.91
2007/4/14,187354.05
2007/4/15,180791.97
2007/4/16,203765.14
2007/4/17,205802.24
2007/4/18,206049.66
2007/4/19,206844.03
2007/4/20,205931.68
2007/4/21,188684.75
2007/4/22,182485.72
2007/4/23,205151.92
2007/4/24,209091.19
2007/4/25,190581.7
2007/4/26,205292.89
2007/4/27,209396.21
2007/4/28,194273.73
2007/4/29,184370.43
2007/4/30,203614.53
2007/5/1,208068.73
2007/5/2,207928.02
2007/5/3,210879.52
2007/5/4,209000.78
2007/5/5,191039.57
2007/5/6,183315.98
2007/5/7,205840.32
2007/5/8,210834.35
2007/5/9,209779.11
2007/5/10,212444.57
2007/5/11,208862.45
2007/5/12,193895.02
2007/5/13,185980.16
2007/5/14,207974.74
2007/5/15,211785.29
2007/5/16,210274.07
2007/5/17,212631.52
2007/5/18,212383.06
2007/5/19,194256.23
2007/5/20,187577.57
2007/5/21,209628.76
2007/5/22,218418.44
2007/5/23,220862.54
2007/5/24,223037.76
2007/5/25,221937.01
2007/5/26,206216.07
2007/5/27,195276.23
2007/5/28,216351.46
2007/5/29,217192.12
2007/5/30,218214.58
2007/5/31,229605.77
2007/6/1,228303.86
2007/6/2,209508.46
2007/6/3,203949.05
2007/6/4,227464.5
2007/6/5,234088.43
2007/6/6,231332.42
2007/6/7,237185.1
2007/6/8,239611.38
2007/6/9,215506.81
2007/6/10,204174.99
2007/6/11,209454.92
2007/6/12,237157.26
2007/6/13,246523.4
2007/6/14,253447.84
2007/6/15,249958.8
2007/6/16,230376.99
2007/6/17,217544.65
2007/6/18,237996.15
2007/6/19,253730.55
2007/6/20,251790.14
2007/6/21,253722.28
2007/6/22,253430.12
2007/6/23,238107.15
2007/6/24,229510.23
2007/6/25,242408.49
2007/6/26,250757.52
2007/6/27,257372.95
2007/6/28,256116.56
2007/6/29,242576.3
2007/6/30,228698.44
2007/7/1,226286.26
2007/7/2,237377.86
2007/7/3,232832.84
2007/7/4,227840.03
2007/7/5,236614.98
2007/7/6,237834.18
2007/7/7,226112.82
2007/7/8,227320.56
2007/7/9,248608.04
2007/7/10,248893.41
2007/7/11,248474.81
2007/7/12,252271.25
2007/7/13,252981
2007/7/14,235646.55
2007/7/15,233516.6
2007/7/16,260538.9
2007/7/17,267791.2
2007/7/18,266164.51
2007/7/19,265808.1
2007/7/20,260685.88
2007/7/21,236299.88
2007/7/22,226630.89
2007/7/23,246330.1
2007/7/24,249182.05
2007/7/25,240372.3
2007/7/26,236110.83
2007/7/27,235152.89
2007/7/28,220167.88
2007/7/29,222341.6
2007/7/30,243589.14
2007/7/31,246328.92
2007/8/1,229014.76
2007/8/2,224367.34
2007/8/3,235300.77
2007/8/4,228145.6
2007/8/5,217305.63
2007/8/6,235063.84
2007/8/7,238923.93
2007/8/8,232829.82
2007/8/9,227778.28
2007/8/10,221477.28
2007/8/11,201013.69
2007/8/12,193288.06
2007/8/13,224086.88
2007/8/14,238993.43
2007/8/15,235627.68
2007/8/16,238260.75
2007/8/17,226287.39
2007/8/18,214691.2
2007/8/19,219351.51
2007/8/20,240811.69
2007/8/21,238337.45
2007/8/22,238609.27
2007/8/23,237092.04
2007/8/24,231302.1
2007/8/25,208970.92
2007/8/26,197885.55
2007/8/27,215548.18
2007/8/28,215705.41
2007/8/29,213163.93
2007/8/30,215117.41
2007/8/31,211594.1
2007/9/1,197454.04
2007/9/2,189159.14
2007/9/3,212158.42
2007/9/4,225567.32
2007/9/5,228755.82
2007/9/6,227695.01
2007/9/7,214575.67
2007/9/8,206458.21
2007/9/9,199752.24
2007/9/10,216840.76
2007/9/11,216560.98
2007/9/12,213765.27
2007/9/13,214187.81
2007/9/14,211378.06
2007/9/15,195968.25
2007/9/16,189630.98
2007/9/17,212421.28
2007/9/18,215321.27
2007/9/19,212590.43
2007/9/20,215999.25
2007/9/21,213176.37
2007/9/22,203854.87
2007/9/23,193796.32
2007/9/24,209478.05
2007/9/25,210145.48
2007/9/26,210858.33
2007/9/27,210064.08
2007/9/28,208315.14
2007/9/29,191359.63
2007/9/30,183492.69
2007/10/1,186223.98
2007/10/2,208232.94
2007/10/3,216282.71
2007/10/4,208705.92
2007/10/5,207650.62
2007/10/6,192880.84
2007/10/7,183411.13
2007/10/8,203760.21
2007/10/9,208340.21
2007/10/10,206602.49
2007/10/11,214112.1
2007/10/12,207261.19
2007/10/13,190848.34
2007/10/14,182414.39
2007/10/15,208762.62
2007/10/16,216014.9
2007/10/17,206718.06
2007/10/18,207535.21
2007/10/19,210613.42
2007/10/20,191820.37
2007/10/21,189429.93
2007/10/22,216617.38
2007/10/23,213381.21
2007/10/24,209966.14
2007/10/25,210693.14
2007/10/26,209661.23
2007/10/27,192537.28
2007/10/28,187591.34
2007/10/29,217349.13
2007/10/30,214319.39
2007/10/31,211328.28
2007/11/1,212286.05
2007/11/2,213313.63
2007/11/3,192038.96
2007/11/4,184330.31
2007/11/5,204295.94
2007/11/6,205990.14
2007/11/7,210041.46
2007/11/8,210180.87
2007/11/9,209935.37
2007/11/10,190816.69
2007/11/11,183751.4
2007/11/12,208994.9
2007/11/13,214046.62
2007/11/14,214917.58
2007/11/15,219059.31
2007/11/16,220272.65
2007/11/17,202360.23
2007/11/18,196962.93
2007/11/19,226290.7
2007/11/20,228731.52
2007/11/21,223196.82
2007/11/22,214422.08
2007/11/23,208872.71
2007/11/24,193632.58
2007/11/25,192582.06
2007/11/26,218011.61
2007/11/27,215755.95
2007/11/28,219495.57
2007/11/29,221819.65
2007/11/30,215423.48
2007/12/1,194049.88
2007/12/2,187791.39
2007/12/3,216778.11
2007/12/4,221261.84
2007/12/5,215437.12
2007/12/6,223956.49
2007/12/7,225136.06
2007/12/8,201109.1
2007/12/9,202838.32
2007/12/10,217486.11
2007/12/11,215100.62
2007/12/12,212245.35
2007/12/13,211625.61
2007/12/14,212959.3
2007/12/15,202998.95
2007/12/16,192612.07
2007/12/17,209508.02
2007/12/18,211329.73
2007/12/19,213930.89
2007/12/20,216975.24
2007/12/21,226656.28
2007/12/22,196385.21
2007/12/23,178610.46
2007/12/24,185069.47
2007/12/25,163254.59
2007/12/26,167252.44
2007/12/27,188231.64
2007/12/28,195643.84
2007/12/29,194004.07
2007/12/30,191163.09
2007/12/31,200291.47
2008/1/1,189151.75
2008/1/2,211424.72
2008/1/3,209864
2008/1/4,207279.56
2008/1/5,196207.97
2008/1/6,204627.98
2008/1/7,222156.16
2008/1/8,218415.15
2008/1/9,223390.56
2008/1/10,230591.5
2008/1/11,230803.15
2008/1/12,212907.46
2008/1/13,211046.52
2008/1/14,214144.34
2008/1/15,220598.46
2008/1/16,230870.37
2008/1/17,214809.29
2008/1/18,209886.36
2008/1/19,193350.15
2008/1/20,193627.1
2008/1/21,208655.86
2008/1/22,208209.63
2008/1/23,209455.1
2008/1/24,212926.83
2008/1/25,212740.46
2008/1/26,197239.83
2008/1/27,197897.24
2008/1/28,203571.89
2008/1/29,239852.81
2008/1/30,246874.92
2008/1/31,242819.58
2008/2/1,217110.53
2008/2/2,202218.05
2008/2/3,194931.66
2008/2/4,216934.81
2008/2/5,219278.43
2008/2/6,220102.91
2008/2/7,213937.58
2008/2/8,205997.15
2008/2/9,189367.43
2008/2/10,182067.86
2008/2/11,207575.51
2008/2/12,214824.86
2008/2/13,209504.45
2008/2/14,211230.97
2008/2/15,209885.72
2008/2/16,190521.67
2008/2/17,185495.83
2008/2/18,211965.19
2008/2/19,216664.75
2008/2/20,220305.86
2008/2/21,222269.26
2008/2/22,225381.29
2008/2/23,196393.49
2008/2/24,185796.77
2008/2/25,210338.51
2008/2/26,220404.63
2008/2/27,215296.8
2008/2/28,212144.28
2008/2/29,204373.67
2008/3/1,187920.9
2008/3/2,182453.86
2008/3/3,207884.56
2008/3/4,215467.35
2008/3/5,214276.04
2008/3/6,222087.54
2008/3/7,216354.78
2008/3/8,193104.32
2008/3/9,189145.05
2008/3/10,218111.48
2008/3/11,224309.39
2008/3/12,223684.48
2008/3/13,227802.27
2008/3/14,226196.56
2008/3/15,207409.85
2008/3/16,197011.55
2008/3/17,221981.05
2008/3/18,226408.44
2008/3/19,221922.04
2008/3/20,224583.43
2008/3/21,182333.45
2008/3/22,183948.79
2008/3/23,176661.05
2008/3/24,187180.64
2008/3/25,212026.17
2008/3/26,211648.42
2008/3/27,207364.6
2008/3/28,205896.89
2008/3/29,189232.55
2008/3/30,181698.75
2008/3/31,205913.63
2008/4/1,209937.69
2008/4/2,210502.88
2008/4/3,208389.54
2008/4/4,207456.75
2008/4/5,190247.08
2008/4/6,184448.23
2008/4/7,208553.07
2008/4/8,210792.77
2008/4/9,210406.88
2008/4/10,211864.54
2008/4/11,210091.19
2008/4/12,191800.02
2008/4/13,185833.46
2008/4/14,208062.03
2008/4/15,212776.55
2008/4/16,210726.13
2008/4/17,213300.32
2008/4/18,212383.56
2008/4/19,196052.81
2008/4/20,189831.2
2008/4/21,211120.89
2008/4/22,215991.86
2008/4/23,214802.27
2008/4/24,214159.04
2008/4/25,190757.64
2008/4/26,189725.19
2008/4/27,186219.3
2008/4/28,216785.07
2008/4/29,227161.54
2008/4/30,226104.33
2008/5/1,224429.61
2008/5/2,216927.42
2008/5/3,203224.89
2008/5/4,198663.52
2008/5/5,219485.44
2008/5/6,222924
2008/5/7,217471.76
2008/5/8,220685.23
2008/5/9,218028.93
2008/5/10,201785.79
2008/5/11,193890.37
2008/5/12,214188.37
2008/5/13,220043.13
2008/5/14,220334.66
2008/5/15,220017.54
2008/5/16,217337.82
2008/5/17,205540.92
2008/5/18,206637.28
2008/5/19,224010.48
2008/5/20,226975.4
2008/5/21,227139.03
2008/5/22,228731.78
2008/5/23,227330.48
2008/5/24,211246.82
2008/5/25,207308.24
2008/5/26,222949.17
2008/5/27,224548.56
2008/5/28,226617.75
2008/5/29,227099.56
2008/5/30,225330.27
2008/5/31,210400.95
2008/6/1,207538.11
2008/6/2,224373.39
2008/6/3,229442.66
2008/6/4,227919.5
2008/6/5,229578.99
2008/6/6,225514.94
2008/6/7,209758.32
2008/6/8,203780.37
2008/6/9,202783.08
2008/6/10,225414.9
2008/6/11,224353.39
2008/6/12,221888.14
2008/6/13,226651.92
2008/6/14,224926.9
2008/6/15,218501.73
2008/6/16,230426.31
2008/6/17,228976.15
2008/6/18,226785.51
2008/6/19,227771.09
2008/6/20,227692.76
2008/6/21,212085.48
2008/6/22,212090.49
2008/6/23,237279.64
2008/6/24,240336.02
2008/6/25,236824.17
2008/6/26,237983.25
2008/6/27,237064.24
2008/6/28,221968.2
2008/6/29,213176.74
2008/6/30,232045.62
2008/7/1,234397.04
2008/7/2,232366.48
2008/7/3,237973.71
2008/7/4,245407.4
2008/7/5,222758.99
2008/7/6,214517.35
2008/7/7,233775.15
2008/7/8,241385.92
2008/7/9,252287.43
2008/7/10,253143.02
2008/7/11,248733.95
2008/7/12,233971.24
2008/7/13,222704.42
2008/7/14,232997
2008/7/15,235565.19
2008/7/16,238128.65
2008/7/17,242096.63
2008/7/18,240766.93
2008/7/19,226740.86
2008/7/20,223625.96
2008/7/21,240121.6
2008/7/22,252300.58
2008/7/23,258355.75
2008/7/24,255258.12
2008/7/25,252233.68
2008/7/26,234455.15
2008/7/27,231919.83
2008/7/28,264110.02
2008/7/29,261239.01
2008/7/30,252448.31
2008/7/31,248638.09
2008/8/1,244334.28
2008/8/2,227527.46
2008/8/3,219408.52
2008/8/4,243098.94
2008/8/5,250769.12
2008/8/6,250703.68
2008/8/7,250734.13
2008/8/8,248484.74
2008/8/9,233376.26
2008/8/10,236033.82
2008/8/11,255854.76
2008/8/12,256137.75
2008/8/13,250700.82
2008/8/14,252117.12
2008/8/15,243398.33
2008/8/16,225098
2008/8/17,220160.9
2008/8/18,250529.52
2008/8/19,251498.39
2008/8/20,245881.7
2008/8/21,243538.65
2008/8/22,250730.75
2008/8/23,235863.72
2008/8/24,223585.25
2008/8/25,239547.15
2008/8/26,236138.54
2008/8/27,237052.74
2008/8/28,238370.56
2008/8/29,234377.18
2008/8/30,217357.85
2008/8/31,206553.46
2008/9/1,220099.36
2008/9/2,227618.11
2008/9/3,232878.88
2008/9/4,233787.21
2008/9/5,237405.99
2008/9/6,230096.97
2008/9/7,207042.87
2008/9/8,226977.21
2008/9/9,230757.64
2008/9/10,231646.6
2008/9/11,229493.03
2008/9/12,219272.36
2008/9/13,196880.64
2008/9/14,188076.4
2008/9/15,210882.27
2008/9/16,216361.51
2008/9/17,223494.91
2008/9/18,219439.8
2008/9/19,213845.99
2008/9/20,199379.33
2008/9/21,188406.22
2008/9/22,212714.32
2008/9/23,216869.89
2008/9/24,214787.27
2008/9/25,214105.92
2008/9/26,212702.81
2008/9/27,195052.63
2008/9/28,188414.27
2008/9/29,207458.91
2008/9/30,212323.13
2008/10/1,211332.16
2008/10/2,217515.61
2008/10/3,224657.27
2008/10/4,192979.82
2008/10/5,181581.89
2008/10/6,183557.17
2008/10/7,206594.74
2008/10/8,207627.66
2008/10/9,208434.57
2008/10/10,206838.22
2008/10/11,189911.58
2008/10/12,182970.73
2008/10/13,211057.1
2008/10/14,211257.04
2008/10/15,208271.45
2008/10/16,208617.66
2008/10/17,208179.43
2008/10/18,191455.56
2008/10/19,189147.58
2008/10/20,208342.9
2008/10/21,206248.24
2008/10/22,214270.95
2008/10/23,220406.54
2008/10/24,209032.71
2008/10/25,190403.69
2008/10/26,185931.2
2008/10/27,220027.07
2008/10/28,212937.45
2008/10/29,210627.94
2008/10/30,214690.23
2008/10/31,224371.78
2008/11/1,193074.78
2008/11/2,187003.55
2008/11/3,212753.46
2008/11/4,204850.89
2008/11/5,206538.63
2008/11/6,216293.81
2008/11/7,210603.83
2008/11/8,192634.67
2008/11/9,185374.38
2008/11/10,211448.32
2008/11/11,213660.13
2008/11/12,217691.46
2008/11/13,223287.56
2008/11/14,230757.72
2008/11/15,197945.14
2008/11/16,187200.22
2008/11/17,207003.25
2008/11/18,210070.07
2008/11/19,210165.64
2008/11/20,214327
2008/11/21,213235.17
2008/11/22,190052.61
2008/11/23,186900.47
2008/11/24,204315.03
2008/11/25,207084.87
2008/11/26,207935.56
2008/11/27,214799.09
2008/11/28,211359.17
2008/11/29,190211.42
2008/11/30,180927.83
2008/12/1,211875.01
2008/12/2,215813.23
2008/12/3,221018.6
2008/12/4,210135.33
2008/12/5,220333.46
2008/12/6,210363.06
2008/12/7,187239.35
2008/12/8,210011.27
2008/12/9,219958.21
2008/12/10,215511.89
2008/12/11,210317.77
2008/12/12,207315.61
2008/12/13,197142.03
2008/12/14,181350.64
2008/12/15,203682.86
2008/12/16,210625.74
2008/12/17,213028.85
2008/12/18,219254.62
2008/12/19,205923.48
2008/12/20,182843.67
2008/12/21,178235.66
2008/12/22,202340.29
2008/12/23,204522.5
2008/12/24,190923.62
2008/12/25,167378.39
2008/12/26,183317.57
2008/12/27,188428.35
2008/12/28,191366.84
2008/12/29,192257.5
2008/12/30,195280.7
2008/12/31,193984.68
2009/1/1,188526.64
2009/1/2,183834.59
2009/1/3,176558.29
2009/1/4,183849.04
2009/1/5,224475.5
2009/1/6,235444.75
2009/1/7,237834.99
2009/1/8,208880.56
2009/1/9,198791.75
2009/1/10,184923.47
2009/1/11,184877.86
2009/1/12,217074.27
2009/1/13,227048.58
2009/1/14,246811.43
2009/1/15,247309.48
2009/1/16,222165.12
2009/1/17,187510.54
2009/1/18,183411.79
2009/1/19,218192.04
2009/1/20,241107.36
2009/1/21,248138.43
2009/1/22,245106.59
2009/1/23,256469.89
2009/1/24,237132.32
2009/1/25,191957.1
2009/1/26,199055.05
2009/1/27,228535.46
2009/1/28,242873.4
2009/1/29,248315.72
2009/1/30,246922.61
2009/1/31,230940.08
2009/2/1,219557.75
2009/2/2,248387.1
2009/2/3,244408.13
2009/2/4,246721.85
2009/2/5,261549.32
2009/2/6,265419.66
2009/2/7,248059.32
2009/2/8,235963.6
2009/2/9,224899.82
2009/2/10,213810.42
2009/2/11,206869.59
2009/2/12,205147.56
2009/2/13,203582.99
2009/2/14,190009.34
2009/2/15,184261.04
2009/2/16,205808.36
2009/2/17,209109.28
2009/2/18,213608.4
2009/2/19,221586.67
2009/2/20,221383.03
2009/2/21,196971.43
2009/2/22,189040.43
2009/2/23,221718.43
2009/2/24,226135.77
2009/2/25,220438.17
2009/2/26,212763.44
2009/2/27,210931.83
2009/2/28,197341.49
2009/3/1,191974.56
2009/3/2,217199.77
2009/3/3,222621.39
2009/3/4,215463.27
2009/3/5,205711.27
2009/3/6,204469.72
2009/3/7,190928.66
2009/3/8,184196.65
2009/3/9,209374.63
2009/3/10,212321.26
2009/3/11,211809.9
2009/3/12,214612.23
2009/3/13,211670.62
2009/3/14,193555.71
2009/3/15,189025.13
2009/3/16,206213.23
2009/3/17,208348.25
2009/3/18,209737.37
2009/3/19,215222.42
2009/3/20,216871.95
2009/3/21,194949.74
2009/3/22,186716.98
2009/3/23,213592.48
2009/3/24,221223.12
2009/3/25,220167.54
2009/3/26,220902.35
2009/3/27,207176.96
2009/3/28,186220.95
2009/3/29,181537.67
2009/3/30,206792.88
2009/3/31,210164.69
2009/4/1,210704.42
2009/4/2,211853.5
2009/4/3,213096.37
2009/4/4,188132.29
2009/4/5,181868.06
2009/4/6,202237.55
2009/4/7,206405.31
2009/4/8,204245.91
2009/4/9,201379.7
2009/4/10,177824.65
2009/4/11,180695.99
2009/4/12,173004.25
2009/4/13,179393.75
2009/4/14,200472.54
2009/4/15,201755.74
2009/4/16,200938.34
2009/4/17,198894.37
2009/4/18,184959.34
2009/4/19,179947.36
2009/4/20,199361.87
2009/4/21,204102.48
2009/4/22,203762.14
2009/4/23,205337.87
2009/4/24,204211.99
2009/4/25,184494.53
2009/4/26,183549.12
2009/4/27,207278.06
2009/4/28,211297.29
2009/4/29,215599.38
2009/4/30,217037.94
2009/5/1,213362.95
2009/5/2,196090.08
2009/5/3,189801.61
2009/5/4,210254.98
2009/5/5,214032.52
2009/5/6,213127.48
2009/5/7,213648.05
2009/5/8,212220.1
2009/5/9,197178.11
2009/5/10,191381.27
2009/5/11,214613.49
2009/5/12,221425.3
2009/5/13,218630.68
2009/5/14,218772.94
2009/5/15,215441.86
2009/5/16,197694.25
2009/5/17,195424.43
2009/5/18,217386.05
2009/5/19,218659.3
2009/5/20,217735.94
2009/5/21,218656.43
2009/5/22,216855.62
2009/5/23,198338.17
2009/5/24,189487.98
2009/5/25,210952.84
2009/5/26,215419.46
2009/5/27,218152.33
2009/5/28,219172.88
2009/5/29,222019.47
2009/5/30,211676.68
2009/5/31,204279.73
2009/6/1,225389.89
2009/6/2,225397.95
2009/6/3,222363.73
2009/6/4,223822.75
2009/6/5,219262.42
2009/6/6,208717.44
2009/6/7,202188.74
2009/6/8,204443.77
2009/6/9,234700.71
2009/6/10,245148.97
2009/6/11,251485.05
2009/6/12,248407.45
2009/6/13,229283.88
2009/6/14,224718.05
2009/6/15,238454.78
2009/6/16,245451.1
2009/6/17,241348.51
2009/6/18,241945.83
2009/6/19,235846.91
2009/6/20,220766.63
2009/6/21,208399.93
2009/6/22,224640.78
2009/6/23,230754.03
2009/6/24,236928.8
2009/6/25,240241.81
2009/6/26,235680.88
2009/6/27,222021.09
2009/6/28,209963.57
2009/6/29,226735.27
2009/6/30,229395.87
2009/7/1,220933.92
2009/7/2,225804.55
2009/7/3,232282.77
2009/7/4,220315.06
2009/7/5,213053.82
2009/7/6,245275.33
2009/7/7,249455.19
2009/7/8,245882.34
2009/7/9,242716.68
2009/7/10,235076.82
2009/7/11,221916.79
2009/7/12,214319.44
2009/7/13,228125.43
2009/7/14,236766.69
2009/7/15,237921.17
2009/7/16,240490.4
2009/7/17,235362.63
2009/7/18,219605.03
2009/7/19,209145.71
2009/7/20,228195.34
2009/7/21,228085.14
2009/7/22,217979.81
2009/7/23,226418.51
2009/7/24,232246.3
2009/7/25,217963.88
2009/7/26,222210.86
2009/7/27,235040.15
2009/7/28,236371.01
2009/7/29,234521.05
2009/7/30,235747.13
2009/7/31,230411.98
2009/8/1,213778.96
2009/8/2,208789.67
2009/8/3,228371.74
2009/8/4,234615.57
2009/8/5,233921.95
2009/8/6,228986.63
2009/8/7,225600.7
2009/8/8,216820.87
2009/8/9,215104.63
2009/8/10,235787.86
2009/8/11,236893.25
2009/8/12,227316.18
2009/8/13,225093.65
2009/8/14,221890.43
2009/8/15,203817.23
2009/8/16,193037.35
2009/8/17,210078.35
2009/8/18,224998.18
2009/8/19,225302.3
2009/8/20,221181.55
2009/8/21,215582.56
2009/8/22,198643.07
2009/8/23,187832.18
2009/8/24,207872.63
2009/8/25,211732.36
2009/8/26,214642.28
2009/8/27,213421.36
2009/8/28,211322.47
2009/8/29,194998.83
2009/8/30,187476.29
2009/8/31,212038.11
2009/9/1,214932
2009/9/2,214137.12
2009/9/3,215744.94
2009/9/4,208297.31
2009/9/5,191850.82
2009/9/6,188058.85
2009/9/7,212955.3
2009/9/8,214843.71
2009/9/9,216302.96
2009/9/10,214475.2
2009/9/11,210980.14
2009/9/12,190967.8
2009/9/13,181274.47
2009/9/14,203073.35
2009/9/15,207325.99
2009/9/16,205163.24
2009/9/17,208697
2009/9/18,203765.37
2009/9/19,186697.55
2009/9/20,180302.55
2009/9/21,202575.71
2009/9/22,208399.82
2009/9/23,202958.89
2009/9/24,203206.78
2009/9/25,203894.04
2009/9/26,189998.86
2009/9/27,189912.92
2009/9/28,207019.74
2009/9/29,208250.92
2009/9/30,206927.28
2009/10/1,208348.46
2009/10/2,202939.6
2009/10/3,192534.54
2009/10/4,186956.55
2009/10/5,185134.45
2009/10/6,205618.29
2009/10/7,210988.25
2009/10/8,212001.74
2009/10/9,212357.23
2009/10/10,196281.35
2009/10/11,187441.7
2009/10/12,205656.94
2009/10/13,204303.59
2009/10/14,203521.23
2009/10/15,203992.64
2009/10/16,203633.14
2009/10/17,190859.9
2009/10/18,183790.79
2009/10/19,204492.87
2009/10/20,209099.14
2009/10/21,214114.85
2009/10/22,207941.28
2009/10/23,209924.9
2009/10/24,189543.37
2009/10/25,183120.82
2009/10/26,207543.69
2009/10/27,209775.03
2009/10/28,208090.46
2009/10/29,209071.7
2009/10/30,211275.89
2009/10/31,192617.75
2009/11/1,189038.49
2009/11/2,217468.5
2009/11/3,231932.14
2009/11/4,211562.29
2009/11/5,208702.1
2009/11/6,205153.46
2009/11/7,189285.44
2009/11/8,185695.01
2009/11/9,212606.4
2009/11/10,215469.21
2009/11/11,217259.28
2009/11/12,223363.81
2009/11/13,210879.26
2009/11/14,198421.86
2009/11/15,193672.87
2009/11/16,233023
2009/11/17,213488.01
2009/11/18,215153.72
2009/11/19,236908.31
2009/11/20,251592.6
2009/11/21,222798.21
2009/11/22,227865.04
2009/11/23,213217.02
2009/11/24,208773.12
2009/11/25,224084.43
2009/11/26,230655.64
2009/11/27,232184.71
2009/11/28,217854.19
2009/11/29,196693.95
2009/11/30,207594.03
2009/12/1,203213.32
2009/12/2,204642.46
2009/12/3,211324.14
2009/12/4,210080.78
2009/12/5,193755.97
2009/12/6,192781.87
2009/12/7,239282.57
2009/12/8,234846.26
2009/12/9,216130.03
2009/12/10,221302.81
2009/12/11,213087.8
2009/12/12,199150.15
2009/12/13,198884.91
2009/12/14,213610.54
2009/12/15,220119.98
2009/12/16,238324.43
2009/12/17,257039.12
2009/12/18,215193.9
2009/12/19,197123.62
2009/12/20,185524.06
2009/12/21,216520.63
2009/12/22,230208.86
2009/12/23,232621.27
2009/12/24,223010.71
2009/12/25,174768.79
2009/12/26,165409
2009/12/27,173295.88
2009/12/28,182962.71
2009/12/29,193997.61
2009/12/30,195354.91
2009/12/31,196354.46
2010/1/1,187335.48
2010/1/2,192334.49
2010/1/3,177683.36
2010/1/4,197529.44
2010/1/5,211856.28
2010/1/6,216502.19
2010/1/7,205633.41
2010/1/8,214194.36
2010/1/9,221679.93
2010/1/10,218595.01
2010/1/11,229830.87
2010/1/12,257543.64
2010/1/13,234727.55
2010/1/14,211313.83
2010/1/15,215845.29
2010/1/16,200959.76
2010/1/17,189885.85
2010/1/18,204362.49
2010/1/19,204506.27
2010/1/20,215173.33
2010/1/21,238775.6
2010/1/22,257776.27
2010/1/23,230052.3
2010/1/24,193496.71
2010/1/25,223132.37
2010/1/26,223046.52
2010/1/27,229823.4
2010/1/28,227434.48
2010/1/29,225495.48
2010/1/30,201331.39
2010/1/31,202548.86
2010/2/1,229363.28
2010/2/2,219144.03
2010/2/3,225201.19
2010/2/4,228525.55
2010/2/5,230733.36
2010/2/6,198053.07
2010/2/7,194491.34
2010/2/8,228246.07
2010/2/9,235502.96
2010/2/10,240532.94
2010/2/11,244070.45
2010/2/12,246671.21
2010/2/13,207932.77
2010/2/14,202457.31
2010/2/15,232574.61
2010/2/16,216387.31
2010/2/17,215544.43
2010/2/18,212471.32
2010/2/19,212650.94
2010/2/20,203222.97
2010/2/21,211490.04
2010/2/22,250665.01
2010/2/23,229587.47
2010/2/24,213084.96
2010/2/25,214076.66
2010/2/26,213279.04
2010/2/27,205310.18
2010/2/28,197432.95
2010/3/1,205323.74
2010/3/2,204480.07
2010/3/3,208109.71
2010/3/4,212589.34
2010/3/5,214310.19
2010/3/6,205640.84
2010/3/7,195473.69
2010/3/8,222680.68
2010/3/9,215778.57
2010/3/10,207690.17
2010/3/11,204139.21
2010/3/12,203045.14
2010/3/13,187162.39
2010/3/14,182160.3
2010/3/15,208448.19
2010/3/16,212205.68
2010/3/17,213013.04
2010/3/18,214503.71
2010/3/19,217913.92
2010/3/20,204250.98
2010/3/21,200437.04
2010/3/22,214399.19
2010/3/23,219222
2010/3/24,215142
2010/3/25,218273.67
2010/3/26,225996.29
2010/3/27,204984.64
2010/3/28,199871.18
2010/3/29,219705.92
2010/3/30,215550.16
2010/3/31,208951.81
2010/4/1,204410.16
2010/4/2,177505.25
2010/4/3,179563.57
2010/4/4,173091.81
2010/4/5,178839.66
2010/4/6,200494.8
2010/4/7,204926.93
2010/4/8,206698.99
2010/4/9,202540.47
2010/4/10,187309.87
2010/4/11,180240.22
2010/4/12,199056.68
2010/4/13,204601.44
2010/4/14,205358.94
2010/4/15,206221.37
2010/4/16,204477.51
2010/4/17,189398.45
2010/4/18,183737.53
2010/4/19,208193.25
2010/4/20,210006.55
2010/4/21,208273.93
2010/4/22,209414.07
2010/4/23,207577.46
2010/4/24,187991.82
2010/4/25,178645.09
2010/4/26,180684.22
2010/4/27,204636.06
2010/4/28,205616.25
2010/4/29,207070.95
2010/4/30,210216.05
2010/5/1,191647.63
2010/5/2,184693.13
2010/5/3,207470.23
2010/5/4,209136.11
2010/5/5,207342.62
2010/5/6,211131.74
2010/5/7,211092.99
2010/5/8,195479.86
2010/5/9,185540.3
2010/5/10,206757.17
2010/5/11,209704.41
2010/5/12,216093.88
2010/5/13,219147.74
2010/5/14,217852.31
2010/5/15,203362.69
2010/5/16,197482.05
2010/5/17,220605.65
2010/5/18,225438.2
2010/5/19,222470.01
2010/5/20,222074.29
2010/5/21,220395.23
2010/5/22,208736.2
2010/5/23,207450.52
2010/5/24,223755.79
2010/5/25,224921.22
2010/5/26,226449.8
2010/5/27,222417.26
2010/5/28,219768.96
2010/5/29,209436.49
2010/5/30,201206.46
2010/5/31,221242.07
2010/6/1,224345.89
2010/6/2,223863.08
2010/6/3,223594.69
2010/6/4,224767.57
2010/6/5,209266.27
2010/6/6,207718.13
2010/6/7,230191.24
2010/6/8,233019.74
2010/6/9,235769.01
2010/6/10,237442.02
2010/6/11,239822.58
2010/6/12,224645.27
2010/6/13,217330.87
2010/6/14,220724.89
2010/6/15,239509.84
2010/6/16,234250.65
2010/6/17,235200.95
2010/6/18,232200.71
2010/6/19,218132.25
2010/6/20,211200.21
2010/6/21,235050.33
2010/6/22,235951.3
2010/6/23,234034.49
2010/6/24,230207.56
2010/6/25,225934.91
2010/6/26,212322.13
2010/6/27,219396.03
2010/6/28,244523.93
2010/6/29,253734.84
2010/6/30,255301.4
2010/7/1,251642.96
2010/7/2,257324.21
2010/7/3,232070.18
2010/7/4,222228.24
2010/7/5,243409.03
2010/7/6,240970.35
2010/7/7,244089.87
2010/7/8,243588.06
2010/7/9,237056.75
2010/7/10,218836.64
2010/7/11,206640.05
2010/7/12,229584.14
2010/7/13,228116.78
2010/7/14,222779.31
2010/7/15,231222.62
2010/7/16,236821.71
2010/7/17,220319.72
2010/7/18,212019.81
2010/7/19,240012.99
2010/7/20,242893.9
2010/7/21,247181.63
2010/7/22,248625.74
2010/7/23,239081.04
2010/7/24,220606.87
2010/7/25,213193.61
2010/7/26,234997.18
2010/7/27,237620.43
2010/7/28,240408.05
2010/7/29,233923.78
2010/7/30,224144.03
2010/7/31,205404.03
2010/8/1,202790.42
2010/8/2,236893.62
2010/8/3,238672.48
2010/8/4,231980.84
2010/8/5,235748.14
2010/8/6,238096.64
2010/8/7,223267.3
2010/8/8,215497.05
2010/8/9,233288.18
2010/8/10,239254.68
2010/8/11,230189.49
2010/8/12,234954.15
2010/8/13,228528.2
2010/8/14,209609.87
2010/8/15,198586.69
2010/8/16,219167.83
2010/8/17,230525.46
2010/8/18,228803.04
2010/8/19,211949.53
2010/8/20,214109.72
2010/8/21,207013.93
2010/8/22,204556.45
2010/8/23,229515.69
2010/8/24,222439.57
2010/8/25,223353.94
2010/8/26,228460.42
2010/8/27,224536.79
2010/8/28,211515.41
2010/8/29,203251.82
2010/8/30,218729.95
2010/8/31,217178.43
2010/9/1,210771.56
2010/9/2,213928.32
2010/9/3,215326.72
2010/9/4,198849.76
2010/9/5,184156.68
2010/9/6,210539.94
2010/9/7,219778.2
2010/9/8,217074.09
2010/9/9,219912.13
2010/9/10,213211.56
2010/9/11,196645.31
2010/9/12,189937.91
2010/9/13,205515.91
2010/9/14,214907.11
2010/9/15,210335.35
2010/9/16,209843.74
2010/9/17,211017.7
2010/9/18,194193.94
2010/9/19,189953.45
2010/9/20,211146.3
2010/9/21,210583.4
2010/9/22,207129.72
2010/9/23,208298.4
2010/9/24,205016.18
2010/9/25,186989.5
2010/9/26,179226.9
2010/9/27,197815.94
2010/9/28,199923.09
2010/9/29,204453.35
2010/9/30,208690.42
2010/10/1,207793.39
2010/10/2,189083.08
2010/10/3,180032.96
2010/10/4,179822.16
2010/10/5,201760.48
2010/10/6,202396.11
2010/10/7,201618.48
2010/10/8,202201.1
2010/10/9,188054.12
2010/10/10,180437.55
2010/10/11,202203.92
2010/10/12,206551.11
2010/10/13,205787.85
2010/10/14,207646.86
2010/10/15,204164.15
2010/10/16,189228.62
2010/10/17,181731.69
2010/10/18,201306.1
2010/10/19,207410.68
2010/10/20,202166.52
2010/10/21,203435.91
2010/10/22,202464.07
2010/10/23,186569.49
2010/10/24,185192.86
2010/10/25,202609.31
2010/10/26,203324.69
2010/10/27,203284.48
2010/10/28,202119.79
2010/10/29,201391.16
2010/10/30,188267.93
2010/10/31,181270.14
2010/11/1,202500.52
2010/11/2,200599.84
2010/11/3,200000.77
2010/11/4,201306.74
2010/11/5,200697.31
2010/11/6,186387.72
2010/11/7,178886.68
2010/11/8,202314.4
2010/11/9,204686.15
2010/11/10,208014.85
2010/11/11,209792.98
2010/11/12,215798.39
2010/11/13,201717.41
2010/11/14,198583.62
2010/11/15,210198.09
2010/11/16,204318.65
2010/11/17,201065.63
2010/11/18,202962.99
2010/11/19,198012.45
2010/11/20,183245.15
2010/11/21,177722.52
2010/11/22,203964.78
2010/11/23,207518.41
2010/11/24,211564.93
2010/11/25,217131.55
2010/11/26,214081.56
2010/11/27,196156.66
2010/11/28,181652.8
2010/11/29,199891.16
2010/11/30,203157.4
2010/12/1,203722.95
2010/12/2,205693.62
2010/12/3,209369.18
2010/12/4,192226.51
2010/12/5,185620.68
2010/12/6,212292.24
2010/12/7,214672.08
2010/12/8,221116.78
2010/12/9,227383.58
2010/12/10,216191.32
2010/12/11,190686.19
2010/12/12,185951.85
2010/12/13,211091.86
2010/12/14,211810.14
2010/12/15,219644.21
2010/12/16,212783.05
2010/12/17,201512.39
2010/12/18,181707.56
2010/12/19,175777.34
2010/12/20,190073.75
2010/12/21,196981.6
2010/12/22,201374.92
2010/12/23,203161.81
2010/12/24,187689.88
2010/12/25,172194.8
2010/12/26,172118.96
2010/12/27,170449.06
2010/12/28,169867.95
2010/12/29,187059.94
2010/12/30,199720.12
2010/12/31,208062.79
2011/1/1,201329.55
2011/1/2,188740.44
2011/1/3,177311.22
2011/1/4,191864.09
2011/1/5,195180.82
2011/1/6,199083.77
2011/1/7,203339.05
2011/1/8,196089.93
2011/1/9,191285.15
2011/1/10,209968.8
2011/1/11,211236.95
2011/1/12,220318.03
2011/1/13,221727.47
2011/1/14,220861.14
2011/1/15,206791.93
2011/1/16,204698.75
2011/1/17,226974.38
2011/1/18,213497.07
2011/1/19,213696.18
2011/1/20,219222.4
2011/1/21,225121.28
2011/1/22,205556.52
2011/1/23,197769.82
2011/1/24,231483.48
2011/1/25,240500.06
2011/1/26,230303.95
2011/1/27,246294.09
2011/1/28,218997.13
2011/1/29,194965.21
2011/1/30,205049.6
2011/1/31,256475.27
2011/2/1,272644.09
2011/2/2,276982.14
2011/2/3,271797.81
2011/2/4,267366.46
2011/2/5,258661.1
2011/2/6,214623.65
2011/2/7,205383.39
2011/2/8,210467.05
2011/2/9,210122.04
2011/2/10,217255.59
2011/2/11,230172.05
2011/2/12,198110.63
2011/2/13,184973.66
2011/2/14,205406.43
2011/2/15,207821.59
2011/2/16,212435.83
2011/2/17,225903.41
2011/2/18,221836.36
2011/2/19,220599.7
2011/2/20,222826.33
2011/2/21,215952.28
2011/2/22,206118.94
2011/2/23,207595.98
2011/2/24,212694.87
2011/2/25,212811.54
2011/2/26,204785.86
2011/2/27,194198.53
2011/2/28,223760.43
2011/3/1,224786.96
2011/3/2,207514.72
2011/3/3,210562.88
2011/3/4,211179.22
2011/3/5,183772.61
2011/3/6,176878.65
2011/3/7,203777.29
2011/3/8,212325.04
2011/3/9,214775.31
2011/3/10,216434.86
2011/3/11,215707.79
2011/3/12,200794.57
2011/3/13,202021.04
2011/3/14,213978.92
2011/3/15,211421.11
2011/3/16,214655.09
2011/3/17,214646.17
2011/3/18,208873.42
2011/3/19,191014.13
2011/3/20,185166.18
2011/3/21,215372.77
2011/3/22,224047.15
2011/3/23,217182.39
2011/3/24,206804.84
2011/3/25,205411.84
2011/3/26,186670.46
2011/3/27,182446.28
2011/3/28,205634.23
2011/3/29,210521.66
2011/3/30,210474.13
2011/3/31,207462.6
2011/4/1,205490.48
2011/4/2,186042.19
2011/4/3,180361.56
2011/4/4,202334.1
2011/4/5,204437.78
2011/4/6,205479.18
2011/4/7,204813.77
2011/4/8,204002.26
2011/4/9,189720.6
2011/4/10,181799.03
2011/4/11,202332.67
2011/4/12,203246.04
2011/4/13,202646.08
2011/4/14,200580.79
2011/4/15,203165.07
2011/4/16,192092.98
2011/4/17,185932.53
2011/4/18,206458.18
2011/4/19,208274.47
2011/4/20,207837.92
2011/4/21,203325.29
2011/4/22,177961.35
2011/4/23,184450.75
2011/4/24,176920.8
2011/4/25,179403.16
2011/4/26,183888.77
2011/4/27,202197.73
2011/4/28,207284.97
2011/4/29,208207.31
2011/4/30,194097.03
2011/5/1,186696.04
2011/5/2,210354.55
2011/5/3,213843.32
2011/5/4,211958.31
2011/5/5,212863.42
2011/5/6,213414.9
2011/5/7,199350.94
2011/5/8,191281.68
2011/5/9,218370.41
2011/5/10,221607.3
2011/5/11,230896.13
2011/5/12,232426.92
2011/5/13,224623.41
2011/5/14,211899.86
2011/5/15,209047.2
2011/5/16,232102.78
2011/5/17,233859.01
2011/5/18,229135.44
2011/5/19,225033.56
2011/5/20,222968.22
2011/5/21,204404.79
2011/5/22,195423.29
2011/5/23,212541.65
2011/5/24,221256.23
2011/5/25,231659.77
2011/5/26,227673.47
2011/5/27,229500.28
2011/5/28,218070.46
2011/5/29,211371.87
2011/5/30,233539.51
2011/5/31,227418.4
2011/6/1,222385.41
2011/6/2,221130.53
2011/6/3,220681.21
2011/6/4,210430.99
2011/6/5,205531.69
2011/6/6,229306.27
2011/6/7,242228.38
2011/6/8,243569.69
2011/6/9,244525.89
2011/6/10,242567.65
2011/6/11,224874.1
2011/6/12,215574.14
2011/6/13,214462.98
2011/6/14,233589.06
2011/6/15,232674.54
2011/6/16,230380.47
2011/6/17,230274.89
2011/6/18,216000.43
2011/6/19,209526.99
2011/6/20,227569.72
2011/6/21,234606.64
2011/6/22,238932.47
2011/6/23,232387.91
2011/6/24,233507.32
2011/6/25,219081.47
2011/6/26,210506.14
2011/6/27,233063.36
2011/6/28,237966.35
2011/6/29,232368.78
2011/6/30,230428.24
2011/7/1,230877.35
2011/7/2,211187.1
2011/7/3,202725.51
2011/7/4,216569.71
2011/7/5,226307.77
2011/7/6,225240.59
2011/7/7,227364.87
2011/7/8,234896.09
2011/7/9,222526.39
2011/7/10,216949.61
2011/7/11,232933.25
2011/7/12,237067.64
2011/7/13,244984.82
2011/7/14,242145.16
2011/7/15,246385.54
2011/7/16,225029.77
2011/7/17,213813.81
2011/7/18,229601.84
2011/7/19,248166.19
2011/7/20,239160.62
2011/7/21,244945.33
2011/7/22,241530.79
2011/7/23,227724.86
2011/7/24,223375.3
2011/7/25,235597.68
2011/7/26,236079.82
2011/7/27,237570.23
2011/7/28,233466.66
2011/7/29,231914
2011/7/30,216003.23
2011/7/31,208344.9
2011/8/1,223019.15
2011/8/2,223142.53
2011/8/3,219347.38
2011/8/4,215957.91
2011/8/5,213141.84
2011/8/6,198902.4
2011/8/7,197739.63
2011/8/8,222175.01
2011/8/9,233120.91
2011/8/10,231569.94
2011/8/11,232696.68
2011/8/12,226546.85
2011/8/13,211906.1
2011/8/14,205029.16
2011/8/15,223305.29
2011/8/16,221955.63
2011/8/17,227453.99
2011/8/18,222361.24
2011/8/19,232086.68
2011/8/20,207805.99
2011/8/21,201932.59
2011/8/22,220812.1
2011/8/23,220623.6
2011/8/24,217179.85
2011/8/25,212596.51
2011/8/26,212199.16
2011/8/27,203097.14
2011/8/28,192772.16
2011/8/29,210896.55
2011/8/30,217923.26
2011/8/31,214237.48
2011/9/1,210963.86
2011/9/2,210991.94
2011/9/3,196027.42
2011/9/4,186541.15
2011/9/5,206574.8
2011/9/6,207168.55
2011/9/7,208293.12
2011/9/8,212802.57
2011/9/9,220168.65
2011/9/10,206747.29
2011/9/11,196556.17
2011/9/12,215790.7
2011/9/13,214108.49
2011/9/14,208116.7
2011/9/15,205223.94
2011/9/16,203545.17
2011/9/17,186882.59
2011/9/18,180084.46
2011/9/19,200648.55
2011/9/20,201573.55
2011/9/21,202041.53
2011/9/22,204111.96
2011/9/23,200483.22
2011/9/24,187432.06
2011/9/25,189252.39
2011/9/26,202531.31
2011/9/27,203962.89
2011/9/28,207371.33
2011/9/29,204468.58
2011/9/30,200348.37
2011/10/1,192021.93
2011/10/2,189975.94
2011/10/3,185244.04
2011/10/4,204683.34
2011/10/5,204646.89
2011/10/6,207388.18
2011/10/7,201907.52
2011/10/8,187794.07
2011/10/9,178868.27
2011/10/10,198320.83
2011/10/11,200822.85
2011/10/12,202627.44
2011/10/13,201683.67
2011/10/14,203081.48
2011/10/15,183918.55
2011/10/16,174543.67
2011/10/17,199527.07
2011/10/18,202146.12
2011/10/19,200701.65
2011/10/20,202132.74
2011/10/21,203316.49
2011/10/22,186303.83
2011/10/23,181088.64
2011/10/24,208552.99
2011/10/25,200820.41
2011/10/26,197128.73
2011/10/27,196983.07
2011/10/28,199278.29
2011/10/29,186907.88
2011/10/30,178945.22
2011/10/31,195385.89
2011/11/1,194461.29
2011/11/2,195684.67
2011/11/3,196477.39
2011/11/4,196716.05
2011/11/5,185440.15
2011/11/6,184695.36
2011/11/7,210994.84
2011/11/8,217426.79
2011/11/9,224173.49
2011/11/10,211548.1
2011/11/11,202733.62
2011/11/12,187152.31
2011/11/13,181695.9
2011/11/14,224368.83
2011/11/15,213516.84
2011/11/16,204617.8
2011/11/17,201127.82
2011/11/18,205693.74
2011/11/19,201362.23
2011/11/20,192144.18
2011/11/21,201427.92
2011/11/22,204738.87
2011/11/23,200458
2011/11/24,196782.72
2011/11/25,199479.86
2011/11/26,185087.21
2011/11/27,178277.83
2011/11/28,208195.83
2011/11/29,217404.52
2011/11/30,214395.85
2011/12/1,196059.28
2011/12/2,192326.01
2011/12/3,177999.9
2011/12/4,172430.76
2011/12/5,190800.02
2011/12/6,194860.08
2011/12/7,196708.29
2011/12/8,199559.68
2011/12/9,197800.77
2011/12/10,183499.72
2011/12/11,177954.15
2011/12/12,200173.75
2011/12/13,198367.28
2011/12/14,196142.8
2011/12/15,196634.62
2011/12/16,195480.06
2011/12/17,182114.98
2011/12/18,175487.25
2011/12/19,201134.88
2011/12/20,200486.34
2011/12/21,199108.05
2011/12/22,197282.02
2011/12/23,194721.93
2011/12/24,185417.43
2011/12/25,165417.47
2011/12/26,166833.63
2011/12/27,169611.01
2011/12/28,177560.79
2011/12/29,179459.6
2011/12/30,179540.76
2011/12/31,174350.1
2012/1/1,170887.16
2012/1/2,181264.67
2012/1/3,210207.75
2012/1/4,216893.79
2012/1/5,201253.33
2012/1/6,194784.01
2012/1/7,182913.66
2012/1/8,185978.54
2012/1/9,208556.29
2012/1/10,204074.06
2012/1/11,198041.07
2012/1/12,194969.63
2012/1/13,200275.99
2012/1/14,184089.97
2012/1/15,179546.3
2012/1/16,203987.71
2012/1/17,210738.93
2012/1/18,220315.07
2012/1/19,217320.59
2012/1/20,215227.61
2012/1/21,191452.25
2012/1/22,180733.99
2012/1/23,203799.78
2012/1/24,208012.17
2012/1/25,210062.46
2012/1/26,188524.82
2012/1/27,202401.38
2012/1/28,193433.69
2012/1/29,190536.7
2012/1/30,229488.91
2012/1/31,217899.5
2012/2/1,200840.79
2012/2/2,199216.28
2012/2/3,200433.97
2012/2/4,188593.03
2012/2/5,188404.88
2012/2/6,206527.73
2012/2/7,202958.45
2012/2/8,198626.42
2012/2/9,202291.23
2012/2/10,200693.09
2012/2/11,182785.27
2012/2/12,177085.94
2012/2/13,200703.48
2012/2/14,202858.04
2012/2/15,205199.53
2012/2/16,209028.95
2012/2/17,207303.98
2012/2/18,190850.89
2012/2/19,189421.79
2012/2/20,211291.1
2012/2/21,204329.86
2012/2/22,202709.23
2012/2/23,212378.23
2012/2/24,215888.56
2012/2/25,195288.23
2012/2/26,188980.23
2012/2/27,220350.97
2012/2/28,229122.99
2012/2/29,209804.06
2012/3/1,214851.35
2012/3/2,200139.59
2012/3/3,183528.35
2012/3/4,185677.77
2012/3/5,204219.24
2012/3/6,199812.97
2012/3/7,194390.03
2012/3/8,196244.65
2012/3/9,196483.44
2012/3/10,181691.92
2012/3/11,175847.69
2012/3/12,197236.24
2012/3/13,202344.09
2012/3/14,204350.32
2012/3/15,209683.39
2012/3/16,213360.24
2012/3/17,185047.47
2012/3/18,173640.82
2012/3/19,195393.61
2012/3/20,199104.56
2012/3/21,203125.84
2012/3/22,198459.14
2012/3/23,194254.15
2012/3/24,176101.49
2012/3/25,172122.79
2012/3/26,193716.72
2012/3/27,198242.18
2012/3/28,198584.24
2012/3/29,197842.28
2012/3/30,195744.78
2012/3/31,178650.42
2012/4/1,174027.96
2012/4/2,197752.73
2012/4/3,203975.07
2012/4/4,204857.23
2012/4/5,201255.31
2012/4/6,171288.7
2012/4/7,171842.06
2012/4/8,166462.57
2012/4/9,166766.03
2012/4/10,188230.74
2012/4/11,193677.89
2012/4/12,196732.88
2012/4/13,195715.56
2012/4/14,181763.92
2012/4/15,176549.19
2012/4/16,195676.12
2012/4/17,199437.32
2012/4/18,200598.35
2012/4/19,200719.09
2012/4/20,200908.35
2012/4/21,186983.58
2012/4/22,179598.09
2012/4/23,200938.68
2012/4/24,201916.76
2012/4/25,181156.63
2012/4/26,199043.81
2012/4/27,200450.46
2012/4/28,186559.52
2012/4/29,184210.18
2012/4/30,204612.55
2012/5/1,205471.05
2012/5/2,204763.83
2012/5/3,202189.84
2012/5/4,202547.68
2012/5/5,191490.04
2012/5/6,186903.02
2012/5/7,210557.46
2012/5/8,207287.75
2012/5/9,205266.03
2012/5/10,205104.27
2012/5/11,201567.13
2012/5/12,189486.54
2012/5/13,188873.61
2012/5/14,215646.69
2012/5/15,217464.83
2012/5/16,214487.88
2012/5/17,214147.86
2012/5/18,212022.16
2012/5/19,199555.01
2012/5/20,197068.56
2012/5/21,212771.26
2012/5/22,215626.91
2012/5/23,214809.31
2012/5/24,223843.85
2012/5/25,217566.01
2012/5/26,206712.54
2012/5/27,200006.95
2012/5/28,219482.68
2012/5/29,222976.15
2012/5/30,221010.83
2012/5/31,218723.86
2012/6/1,217489.78
2012/6/2,205207.7
2012/6/3,199572.91
2012/6/4,214144.43
2012/6/5,229683.76
2012/6/6,230531.77
2012/6/7,229196.44
2012/6/8,230758.91
2012/6/9,215473.01
2012/6/10,211371.31
2012/6/11,215820.34
2012/6/12,224722.93
2012/6/13,224276.45
2012/6/14,218821.13
2012/6/15,215228.49
2012/6/16,213901.35
2012/6/17,200677.83
2012/6/18,218856.79
2012/6/19,223803.79
2012/6/20,228633.58
2012/6/21,229496.39
2012/6/22,225477.14
2012/6/23,214797.97
2012/6/24,210872.54
2012/6/25,227779.88
2012/6/26,235466.98
2012/6/27,229374.58
2012/6/28,225491.46
2012/6/29,216121.07
2012/6/30,202478.36
2012/7/1,205060.77
2012/7/2,225826.11
2012/7/3,229652.11
2012/7/4,230249.9
2012/7/5,229906.1
2012/7/6,229273.69
2012/7/7,213613.4
2012/7/8,201626.78
2012/7/9,221033.29
2012/7/10,225202.82
2012/7/11,212123.51
2012/7/12,218956.51
2012/7/13,206172.13
2012/7/14,192914.5
2012/7/15,192071.63
2012/7/16,215409.76
2012/7/17,217730.28
2012/7/18,213618.62
2012/7/19,222254.76
2012/7/20,222632.62
2012/7/21,208538.22
2012/7/22,201216.3
2012/7/23,219338.38
2012/7/24,223845.5
2012/7/25,216122.75
2012/7/26,215040.96
2012/7/27,216709.16
2012/7/28,204763.67
2012/7/29,202125.98
2012/7/30,224302.89
2012/7/31,231300.37
2012/8/1,230197.34
2012/8/2,227969.75
2012/8/3,222472.39
2012/8/4,201884.91
2012/8/5,192536.13
2012/8/6,210935.68
2012/8/7,220802.55
2012/8/8,216336.1
2012/8/9,215227.34
2012/8/10,226244.75
2012/8/11,210353.26
2012/8/12,202115.42
2012/8/13,215509.86
2012/8/14,220073.34
2012/8/15,211506.63
2012/8/16,209155.01
2012/8/17,211768.89
2012/8/18,197883.75
2012/8/19,192111.23
2012/8/20,214945.85
2012/8/21,210847.27
2012/8/22,201948.04
2012/8/23,196737.05
2012/8/24,197403.26
2012/8/25,185538.85
2012/8/26,184078.84
2012/8/27,206875.57
2012/8/28,208326.54
2012/8/29,203543.31
2012/8/30,198577.94
2012/8/31,206355.61
2012/9/1,198710.03
2012/9/2,185303.38
2012/9/3,202477.87
2012/9/4,201625.5
2012/9/5,193190.45
2012/9/6,188755.38
2012/9/7,190948.26
2012/9/8,179454.16
2012/9/9,173923.48
2012/9/10,193544.08
2012/9/11,194521.33
2012/9/12,192695.72
2012/9/13,198009.52
2012/9/14,196775.77
2012/9/15,183672.41
2012/9/16,174593.67
2012/9/17,191715.96
2012/9/18,195012.79
2012/9/19,191325.9
2012/9/20,190986.6
2012/9/21,185843.71
2012/9/22,173962.43
2012/9/23,165397.51
2012/9/24,184049.66
2012/9/25,189565.5
2012/9/26,186343.39
2012/9/27,184800.4
2012/9/28,185753.54
2012/9/29,167282.06
2012/9/30,161313.44
2012/10/1,165365.34
2012/10/2,183615.44
2012/10/3,185251.16
2012/10/4,186055.47
2012/10/5,189470.77
2012/10/6,174194.64
2012/10/7,164452.22
2012/10/8,184430.94
2012/10/9,187583.88
2012/10/10,186711.39
2012/10/11,192155.01
2012/10/12,198485.14
2012/10/13,178189.85
2012/10/14,168566.76
2012/10/15,185138.05
2012/10/16,188308.58
2012/10/17,184396.56
2012/10/18,186613.77
2012/10/19,189519.47
2012/10/20,174288.98
2012/10/21,163609.32
2012/10/22,182588
2012/10/23,182613.77
2012/10/24,186256.71
2012/10/25,187970.18
2012/10/26,183538.61
2012/10/27,167503.01
2012/10/28,162944.96
2012/10/29,183204.91
2012/10/30,187705.22
2012/10/31,191697.09
2012/11/1,191101.35
2012/11/2,181405.35
2012/11/3,169969.31
2012/11/4,166185.36
2012/11/5,192443.86
2012/11/6,196251
2012/11/7,192619.36
2012/11/8,193134.35
2012/11/9,191360.6
2012/11/10,168237.88
2012/11/11,160704.48
2012/11/12,183070.13
2012/11/13,184177.2
2012/11/14,186218.18
2012/11/15,190582.75
2012/11/16,187041.44
2012/11/17,168165.9
2012/11/18,162402.55
2012/11/19,181417.01
2012/11/20,182448.28
2012/11/21,186232.9
2012/11/22,186222.82
2012/11/23,185385.62
2012/11/24,175501.26
2012/11/25,185004.23
2012/11/26,204196.85
2012/11/27,199959.76
2012/11/28,196197.82
2012/11/29,210228.6
2012/11/30,228025.28
2012/12/1,210246.55
2012/12/2,179532.72
2012/12/3,192687.32
2012/12/4,190230.81
2012/12/5,184725.68
2012/12/6,187465.96
2012/12/7,189368.95
2012/12/8,182920.33
2012/12/9,172070
2012/12/10,186482.01
2012/12/11,187181.98
2012/12/12,191888.06
2012/12/13,197439.87
2012/12/14,199085.45
2012/12/15,179319.32
2012/12/16,185408.41
2012/12/17,191522.17
2012/12/18,200024.19
2012/12/19,209238.88
2012/12/20,207499.64
2012/12/21,189118.32
2012/12/22,181738.19
2012/12/23,190722.75
2012/12/24,199082.52
2012/12/25,151016.97
2012/12/26,147570.69
2012/12/27,165595.5
2012/12/28,171136.04
2012/12/29,162740.53
2012/12/30,159762.9
2012/12/31,178775.18
2013/1/1,176965.94
2013/1/2,180675.18
2013/1/3,185246.09
2013/1/4,198878.71
2013/1/5,198124.3
2013/1/6,191355.29
2013/1/7,212570.64
2013/1/8,240330.6
2013/1/9,201229.74
2013/1/10,195434.28
2013/1/11,221903.82
2013/1/12,202146.73
2013/1/13,179312.86
2013/1/14,186043.83
2013/1/15,191287.34
2013/1/16,205761.77
2013/1/17,222586.45
2013/1/18,248789.17
2013/1/19,183810.07
2013/1/20,173954.92
2013/1/21,206540.29
2013/1/22,213905.16
2013/1/23,199023.92
2013/1/24,210693.58
2013/1/25,221211.78
2013/1/26,196484.75
2013/1/27,177709.8
2013/1/28,178672.51
2013/1/29,199001.23
2013/1/30,199459.94
2013/1/31,214458.81
2013/2/1,196860.9
2013/2/2,171130.9
2013/2/3,166396.61
2013/2/4,191899.41
2013/2/5,196949.74
2013/2/6,199667.23
2013/2/7,204591.26
2013/2/8,213205.25
2013/2/9,197394.54
2013/2/10,187356.96
2013/2/11,193701.39
2013/2/12,194088.06
2013/2/13,192011.96
2013/2/14,196508.76
2013/2/15,197330.24
2013/2/16,178981.69
2013/2/17,173938.78
2013/2/18,198218.6
2013/2/19,205953.73
2013/2/20,205431.76
2013/2/21,204223.8
2013/2/22,199339.29
2013/2/23,182680.57
2013/2/24,189070.3
2013/2/25,219121.51
2013/2/26,211501.6
2013/2/27,212067.02
2013/2/28,201605.65
2013/3/1,189004.51
2013/3/2,172446.54
2013/3/3,168461.04
2013/3/4,191903.77
2013/3/5,197557.57
2013/3/6,199990.16
2013/3/7,204221.61
2013/3/8,201424.66
2013/3/9,185886.89
2013/3/10,181400.66
2013/3/11,202796.59
2013/3/12,202583.35
2013/3/13,201662.75
2013/3/14,198534.44
2013/3/15,195850.24
2013/3/16,183769.07
2013/3/17,167445.26
2013/3/18,186549.68
2013/3/19,188169.56
2013/3/20,189558.44
2013/3/21,193226.45
2013/3/22,199950.02
2013/3/23,185445.4
2013/3/24,184952.05
2013/3/25,203782.36
2013/3/26,206508.01
2013/3/27,210438.52
2013/3/28,205643.79
2013/3/29,162642.97
2013/3/30,163488.55
2013/3/31,158917.02
2013/4/1,165091.11
2013/4/2,185566.45
2013/4/3,187176.82
2013/4/4,187441.47
2013/4/5,186592.92
2013/4/6,172091.35
2013/4/7,167347.71
2013/4/8,186612.46
2013/4/9,190120.17
2013/4/10,190961.74
2013/4/11,190088.56
2013/4/12,190413.86
2013/4/13,173801.51
2013/4/14,168051.27
2013/4/15,188273.46
2013/4/16,191507.61
2013/4/17,188679.02
2013/4/18,188920.32
2013/4/19,184434.92
2013/4/20,178839.05
2013/4/21,170600.3
2013/4/22,185082.85
2013/4/23,185552.81
2013/4/24,186181.19
2013/4/25,169563.54
2013/4/26,178739.22
2013/4/27,168750.35
2013/4/28,163636.11
2013/4/29,186525.01
2013/4/30,191272.34
2013/5/1,190727.83
2013/5/2,190190.53
2013/5/3,189675.02
2013/5/4,175922
2013/5/5,173329.02
2013/5/6,194036.94
2013/5/7,195257.39
2013/5/8,193623.58
2013/5/9,192974.36
2013/5/10,192826.62
2013/5/11,179235.2
2013/5/12,172332.28
2013/5/13,195085.35
2013/5/14,194777.15
2013/5/15,196601.51
2013/5/16,195220.59
2013/5/17,196424.98
2013/5/18,183732.58
2013/5/19,181489.61
2013/5/20,202720.09
2013/5/21,201205.27
2013/5/22,213015.53
2013/5/23,207232.02
2013/5/24,207472.01
2013/5/25,190308.68
2013/5/26,188099.03
2013/5/27,208144.48
2013/5/28,207786.9
2013/5/29,203872.53
2013/5/30,204071.74
2013/5/31,199256.95
2013/6/1,186465.88
2013/6/2,191758.9
2013/6/3,208225.62
2013/6/4,210196.62
2013/6/5,211195.88
2013/6/6,206471.79
2013/6/7,198623.27
2013/6/8,190954.18
2013/6/9,182936.41
2013/6/10,188114.54
2013/6/11,206002.42
2013/6/12,215435.65
2013/6/13,206331.88
2013/6/14,205625.67
2013/6/15,192910.88
2013/6/16,190316.97
2013/6/17,216437.62
2013/6/18,220393.29
2013/6/19,220089.22
2013/6/20,221952.32
2013/6/21,220582.52
2013/6/22,211212.33
2013/6/23,205242.41
2013/6/24,223318.19
2013/6/25,224608.72
2013/6/26,214355.91
2013/6/27,212874.48
2013/6/28,212502.36
2013/6/29,202475.11
2013/6/30,195483.81
2013/7/1,211308.01
2013/7/2,213218.78
2013/7/3,213627.18
2013/7/4,209541.08
2013/7/5,203234.7
2013/7/6,198758.11
2013/7/7,196137.59
2013/7/8,216113.24
2013/7/9,223543.78
2013/7/10,219974.47
2013/7/11,216722.32
2013/7/12,214023.55
2013/7/13,201022.17
2013/7/14,193110.17
2013/7/15,209042.06
2013/7/16,205677.82
2013/7/17,199399.87
2013/7/18,198445.41
2013/7/19,199759.42
2013/7/20,188058.67
2013/7/21,191160.43
2013/7/22,214295.33
2013/7/23,218108.25
2013/7/24,218020.64
2013/7/25,215589.39
2013/7/26,213025.36
2013/7/27,199740.04
2013/7/28,192912.87
2013/7/29,202542.89
2013/7/30,204801.54
2013/7/31,206810.89
2013/8/1,210471.01
2013/8/2,206171.87
2013/8/3,189436.25
2013/8/4,185486.28
2013/8/5,203001.54
2013/8/6,202716.74
2013/8/7,203391.84
2013/8/8,215063.88
2013/8/9,208483.9
2013/8/10,184076.1
2013/8/11,180589.49
2013/8/12,199876.64
2013/8/13,199866.96
2013/8/14,198211.94
2013/8/15,201741.7
2013/8/16,203929.81
2013/8/17,182951.62
2013/8/18,175321.53
2013/8/19,197915.58
2013/8/20,210858.8
2013/8/21,213275.81
2013/8/22,213672.68
2013/8/23,206034.36
2013/8/24,183900.67
2013/8/25,175133.26
2013/8/26,196277.45
2013/8/27,195663.88
2013/8/28,193376.43
2013/8/29,194081.87
2013/8/30,187418.51
2013/8/31,175635.13
2013/9/1,168687.59
2013/9/2,187295.92
2013/9/3,188931.43
2013/9/4,187825.88
2013/9/5,188746.4
2013/9/6,186916.56
2013/9/7,171448.87
2013/9/8,169241
2013/9/9,184569.55
2013/9/10,185172.54
2013/9/11,179577.82
2013/9/12,183323.28
2013/9/13,187613.11
2013/9/14,174086.64
2013/9/15,168994.31
2013/9/16,193505.24
2013/9/17,187524.6
2013/9/18,181417.13
2013/9/19,182105.72
2013/9/20,183408.71
2013/9/21,171231.92
2013/9/22,166465.38
2013/9/23,182830.95
2013/9/24,183908.6
2013/9/25,187279.74
2013/9/26,185310.9
2013/9/27,181583.59
2013/9/28,168944.95
2013/9/29,163007.99
2013/9/30,183111.72
2013/10/1,187532.72
2013/10/2,181680.43
2013/10/3,184979.17
2013/10/4,182315.62
2013/10/5,166770.07
2013/10/6,162552.73
2013/10/7,161887.96
2013/10/8,182588.31
2013/10/9,185777.07
2013/10/10,197509.09
2013/10/11,184966.73
2013/10/12,173187.95
2013/10/13,175184.39
2013/10/14,181769.19
2013/10/15,181504.21
2013/10/16,181810.1
2013/10/17,187691.25
2013/10/18,183037.41
2013/10/19,167787.72
2013/10/20,166978.57
2013/10/21,197300.6
2013/10/22,193272.96
2013/10/23,197412.07
2013/10/24,182945.23
2013/10/25,179932.97
2013/10/26,166198.98
2013/10/27,163494.82
2013/10/28,184145.73
2013/10/29,184324.8
2013/10/30,180041.38
2013/10/31,181951.34
2013/11/1,185146.18
2013/11/2,175271.34
2013/11/3,170159.94
2013/11/4,180333.31
2013/11/5,182435.32
2013/11/6,185308.61
2013/11/7,194556.61
2013/11/8,200303.2
2013/11/9,177424.06
2013/11/10,165233.42
2013/11/11,184839.57
2013/11/12,185172.54
2013/11/13,183334
2013/11/14,185414.85
2013/11/15,184820.23
2013/11/16,168222.29
2013/11/17,166716.54
2013/11/18,185205.87
2013/11/19,185742.12
2013/11/20,189423.67
2013/11/21,191080.18
2013/11/22,187328.8
2013/11/23,170400.32
2013/11/24,162001.79
2013/11/25,181209.36
2013/11/26,184150.52
2013/11/27,185778.17
2013/11/28,193938.38
2013/11/29,185573.52
2013/11/30,165623.77
2013/12/1,162190.99
2013/12/2,186179.12
2013/12/3,193207.45
2013/12/4,199973.01
2013/12/5,186504.19
2013/12/6,178431.69
2013/12/7,168769.46
2013/12/8,169660.91
2013/12/9,200541.72
2013/12/10,207155.86
2013/12/11,196329.51
2013/12/12,194009.88
2013/12/13,200811.48
2013/12/14,176452.35
2013/12/15,170735.12
2013/12/16,192160.27
2013/12/17,198840.65
2013/12/18,200308.53
2013/12/19,206109.35
2013/12/20,224734.48
2013/12/21,193369.94
2013/12/22,202352.95
2013/12/23,208607.17
2013/12/24,174065.64
2013/12/25,148533.84
2013/12/26,153469.21
2013/12/27,168326.69
2013/12/28,169097.49
2013/12/29,158960.38
2013/12/30,168730.01
2013/12/31,170886.18
2014/1/1,164171.14
2014/1/2,191396.99
2014/1/3,192663.68
2014/1/4,175707.44
2014/1/5,173380.7
2014/1/6,187837.24
2014/1/7,179622
2014/1/8,177763.16
2014/1/9,180669.11
2014/1/10,188061.31
2014/1/11,186190.49
2014/1/12,181916.07
2014/1/13,199884.21
2014/1/14,211300.74
2014/1/15,225155.58
2014/1/16,228443.64
2014/1/17,223876.32
2014/1/18,204349.42
2014/1/19,186885.49
2014/1/20,205802.88
2014/1/21,204676.48
2014/1/22,196752.67
2014/1/23,196387.8
2014/1/24,197111.86
2014/1/25,170396.43
2014/1/26,160456.77
2014/1/27,169596.16
2014/1/28,200732.51
2014/1/29,213817.35
2014/1/30,213702.01
2014/1/31,216823.2
2014/2/1,197668.57
2014/2/2,194158.79
2014/2/3,215139.13
2014/2/4,197875.32
2014/2/5,188445.15
2014/2/6,191434.8
2014/2/7,197440.49
2014/2/8,190131.3
2014/2/9,192188.23
2014/2/10,204393.05
2014/2/11,204099.02
2014/2/12,210112.47
2014/2/13,210058.33
2014/2/14,201117.02
2014/2/15,182976.7
2014/2/16,178063.15
2014/2/17,192746.01
2014/2/18,198165.24
2014/2/19,201258.45
2014/2/20,192477.56
2014/2/21,187677.72
2014/2/22,171661.14
2014/2/23,167839.7
2014/2/24,196764.6
2014/2/25,203037.78
2014/2/26,204164.19
2014/2/27,196882.04
2014/2/28,189269.09
2014/3/1,173965.76
2014/3/2,167995.66
2014/3/3,189905
2014/3/4,195129.07
2014/3/5,194888.37
2014/3/6,195095.84
2014/3/7,194554.4
2014/3/8,174033.79
2014/3/9,171797.43
2014/3/10,197165.63
2014/3/11,198901.76
2014/3/12,196941.26
2014/3/13,195122.38
2014/3/14,195603.47
2014/3/15,175024.43
2014/3/16,165988.08
2014/3/17,184327.59
2014/3/18,194412.01
2014/3/19,198080.98
2014/3/20,199595.99
2014/3/21,196035.15
2014/3/22,177045.57
2014/3/23,173231.03
2014/3/24,189217.32
2014/3/25,188811.45
2014/3/26,195596.28
2014/3/27,195612.03
2014/3/28,193349.84
2014/3/29,175129.65
2014/3/30,170768.25
2014/3/31,192001.77
2014/4/1,193451.24
2014/4/2,194768.87
2014/4/3,197979.63
2014/4/4,189894.15
2014/4/5,171890.01
2014/4/6,166189.44
2014/4/7,183842.31
2014/4/8,187331.3
2014/4/9,190506.79
2014/4/10,193086.79
2014/4/11,192199.57
2014/4/12,172158.4
2014/4/13,166100.02
2014/4/14,184180.23
2014/4/15,187125.79
2014/4/16,185544.01
2014/4/17,182195.49
2014/4/18,159727.11
2014/4/19,161337.57
2014/4/20,156170.11
2014/4/21,160455.78
2014/4/22,178806.61
2014/4/23,181487.57
2014/4/24,180788.99
2014/4/25,165470.65
2014/4/26,166993.86
2014/4/27,168700.94
2014/4/28,185580.7
2014/4/29,188188.69
2014/4/30,188151.32
2014/5/1,189027.98
2014/5/2,189087.84
2014/5/3,182781.47
2014/5/4,175562.54
2014/5/5,195580.29
2014/5/6,198086.64
2014/5/7,196689.46
2014/5/8,198254.3
2014/5/9,197319.37
2014/5/10,181794.88
2014/5/11,171443.07
2014/5/12,190887.26
2014/5/13,195944.7
2014/5/14,196511.46
2014/5/15,196080.47
2014/5/16,194034.24
2014/5/17,176730.65
2014/5/18,174212.79
2014/5/19,191294.23
2014/5/20,194146.03
2014/5/21,195050.17
2014/5/22,193255.8
2014/5/23,189479.26
2014/5/24,173859.71
2014/5/25,168764.65
2014/5/26,189949.36
2014/5/27,189327.08
2014/5/28,189102.87
2014/5/29,192208.69
2014/5/30,190572.96
2014/5/31,178222.6
2014/6/1,177136.84
2014/6/2,193937.07
2014/6/3,195494.99
2014/6/4,200343.32
2014/6/5,201645.12
2014/6/6,198966.23
2014/6/7,183887.91
2014/6/8,180381.64
2014/6/9,183962.67
2014/6/10,203042.49
2014/6/11,203861.71
2014/6/12,202709.13
2014/6/13,203132.99
2014/6/14,187941.12
2014/6/15,188975.71
2014/6/16,204149.41
2014/6/17,204802.32
2014/6/18,205447.48
2014/6/19,206023.87
2014/6/20,200417.84
2014/6/21,187812.57
2014/6/22,184884.25
2014/6/23,209088.77
2014/6/24,212295.62
2014/6/25,205294.6
2014/6/26,202953.12
2014/6/27,201737.97
2014/6/28,190818.29
2014/6/29,189674.53
2014/6/30,211611.78
2014/7/1,216703.37
2014/7/2,216125.13
2014/7/3,215800.52
2014/7/4,209604.76
2014/7/5,195422.54
2014/7/6,190322.92
2014/7/7,209853.67
2014/7/8,216232.55
2014/7/9,213868.27
2014/7/10,213233.1
2014/7/11,208501.08
2014/7/12,199007.48
2014/7/13,198204.89
2014/7/14,218584.9
2014/7/15,220385.1
2014/7/16,212996.72
2014/7/17,211441.04
2014/7/18,219871.76
2014/7/19,208629.74
2014/7/20,200718.39
2014/7/21,216685.55
2014/7/22,216990.52
2014/7/23,216048.7
2014/7/24,218437.16
2014/7/25,212146.17
2014/7/26,195593.57
2014/7/27,185837.36
2014/7/28,205480.13
2014/7/29,200371.31
2014/7/30,194749.38
2014/7/31,191168.52
2014/8/1,197688.79
2014/8/2,197450.73
2014/8/3,197023.88
2014/8/4,211836.55
2014/8/5,212477.15
2014/8/6,212461.17
2014/8/7,213364.06
2014/8/8,212155.48
2014/8/9,191296.03
2014/8/10,185453.93
2014/8/11,215516.29
2014/8/12,221949.29
2014/8/13,215443.26
2014/8/14,214689.92
2014/8/15,208195.1
2014/8/16,197787.08
2014/8/17,188905.25
2014/8/18,213171.48
2014/8/19,214975.25
2014/8/20,211379.94
2014/8/21,210047.36
2014/8/22,202666.58
2014/8/23,190315.09
2014/8/24,179251.08
2014/8/25,197267.62
2014/8/26,207848.67
2014/8/27,204858.25
2014/8/28,205191
2014/8/29,203979.8
2014/8/30,188993.26
2014/8/31,174523.3
2014/9/1,190161.03
2014/9/2,200219.75
2014/9/3,205456.8
2014/9/4,206471.65
2014/9/5,201893.7
2014/9/6,188740.8
2014/9/7,179093.75
2014/9/8,191128.55
2014/9/9,188037.79
2014/9/10,183738.54
2014/9/11,185303.63
2014/9/12,191420.15
2014/9/13,175591.43
2014/9/14,167581.01
2014/9/15,185007.48
2014/9/16,183272.65
2014/9/17,180107.95
2014/9/18,186867.77
2014/9/19,189750.77
2014/9/20,175554.18
2014/9/21,168012.16
2014/9/22,181679.98
2014/9/23,185739.16
2014/9/24,187050.99
2014/9/25,187865.49
2014/9/26,182728.7
2014/9/27,167801.48
2014/9/28,158279.46
2014/9/29,176706.19
2014/9/30,182770.41
2014/10/1,177602.73
2014/10/2,180249.6
2014/10/3,179758.43
2014/10/4,165041.75
2014/10/5,160646.09
2014/10/6,163100.87
2014/10/7,182684.12
2014/10/8,181417.37
2014/10/9,181972.37
2014/10/10,181035.58
2014/10/11,167477.68
2014/10/12,162024.1
2014/10/13,180944.79
2014/10/14,185351.56
2014/10/15,190808.72
2014/10/16,184859.21
2014/10/17,181320.65
2014/10/18,164359.59
2014/10/19,160011.73
2014/10/20,178841.32
2014/10/21,183574.99
2014/10/22,181446.82
2014/10/23,187263.34
2014/10/24,188964.1
2014/10/25,173920.32
2014/10/26,169724.61
2014/10/27,188922.81
2014/10/28,180710.28
2014/10/29,181209.25
2014/10/30,189191.41
2014/10/31,196067.54
2014/11/1,181700.48
2014/11/2,156499.5
2014/11/3,178710.77
2014/11/4,183100.32
2014/11/5,183500.31
2014/11/6,182057.37
2014/11/7,182553.99
2014/11/8,168698.84
2014/11/9,164940.16
2014/11/10,185167.71
2014/11/11,183036.98
2014/11/12,183141.27
2014/11/13,188388.46
2014/11/14,208997.31
2014/11/15,172278.71
2014/11/16,161181.77
2014/11/17,179789.48
2014/11/18,185052.48
2014/11/19,187300.89
2014/11/20,203465.39
2014/11/21,217789.11
2014/11/22,184265.37
2014/11/23,198838.01
2014/11/24,208720.17
2014/11/25,192231.16
2014/11/26,188130.75
2014/11/27,186026.41
2014/11/28,183482.56
2014/11/29,175076.3
2014/11/30,174703.78
2014/12/1,198026.01
2014/12/2,209161.94
2014/12/3,211285.87
2014/12/4,205124.88
2014/12/5,199268.57
2014/12/6,176144.41
2014/12/7,170824.07
2014/12/8,196369.01
2014/12/9,194053.26
2014/12/10,194322.57
2014/12/11,186914.67
2014/12/12,176375.42
2014/12/13,164355.99
2014/12/14,162695.31
2014/12/15,187873.4
2014/12/16,189229.95
2014/12/17,186057.9
2014/12/18,190646.56
2014/12/19,180391.76
2014/12/20,166806.79
2014/12/21,170059.51
2014/12/22,192041.34
2014/12/23,188510.35
2014/12/24,178520.87
2014/12/25,158518.36
2014/12/26,151403.31
2014/12/27,152480.5
2014/12/28,154515.07
2014/12/29,169916.49
2014/12/30,175938.62
2014/12/31,170561.78
2015/1/1,177533.44
2015/1/2,188844.39
2015/1/3,191913.91
2015/1/4,187605.67
2015/1/5,190012.38
2015/1/6,199873.93
2015/1/7,205784.8
2015/1/8,206369.55
2015/1/9,210949.73
2015/1/10,187436.87
2015/1/11,167103.72
2015/1/12,185173.04
2015/1/13,196839.93
2015/1/14,208763.32
2015/1/15,200649.88
2015/1/16,202315.94
2015/1/17,185870.5
2015/1/18,179419.96
2015/1/19,186585.08
2015/1/20,187038.11
2015/1/21,199918.54
2015/1/22,208423.95
2015/1/23,218239.57
2015/1/24,198570.46
2015/1/25,192493.88
2015/1/26,168912.05
2015/1/27,185729.12
2015/1/28,182807.72
2015/1/29,180694.85
2015/1/30,181449.64
2015/1/31,168384.38
2015/2/1,165983.93
2015/2/2,183395.93
2015/2/3,184691.44
2015/2/4,182580.44
2015/2/5,184835.33
2015/2/6,187261.56
2015/2/7,175979.28
2015/2/8,188436.94
2015/2/9,200299.43
2015/2/10,207641.94
2015/2/11,209286.45
2015/2/12,206046.83
2015/2/13,198065.44
2015/2/14,181351.29
2015/2/15,179642.65
2015/2/16,204624.4
2015/2/17,205645.56
2015/2/18,205199.3
2015/2/19,202847.96
2015/2/20,202025.78
2015/2/21,183352.11
2015/2/22,180117.65
2015/2/23,203380.84
2015/2/24,196500.13
2015/2/25,189291.16
2015/2/26,193779.21
2015/2/27,199376.79
2015/2/28,185500.6
2015/3/1,184986.47
2015/3/2,187981.19
2015/3/3,197702.54
2015/3/4,206646.33
2015/3/5,192538.59
2015/3/6,185662.44
2015/3/7,175463.7
2015/3/8,175293.22
2015/3/9,201569.15
2015/3/10,199868.47
2015/3/11,203013.78
2015/3/12,197103.74
2015/3/13,187073.21
2015/3/14,169159.6
2015/3/15,163328.21
2015/3/16,182495.98
2015/3/17,188135.81
2015/3/18,196803.83
2015/3/19,204024.62
2015/3/20,199182.99
2015/3/21,170057.11
2015/3/22,168582.25
2015/3/23,192608.93
2015/3/24,195084.83
2015/3/25,186158.36
2015/3/26,186362.3
2015/3/27,178495.61
2015/3/28,165801.65
2015/3/29,164094.78
2015/3/30,185310.39
2015/3/31,186006.39
2015/4/1,187662.88
2015/4/2,187129.3
2015/4/3,162550.31
2015/4/4,166614.61
2015/4/5,156213.66
2015/4/6,161219.09
2015/4/7,177532.63
2015/4/8,179068.34
2015/4/9,179393.12
2015/4/10,179291.06
2015/4/11,166221.17
2015/4/12,160778.63
2015/4/13,178139.45
2015/4/14,181576.22
2015/4/15,183055.5
2015/4/16,186584.09
2015/4/17,189414.37
2015/4/18,172851.93
2015/4/19,167558.12
2015/4/20,191253.48
2015/4/21,189610.06
2015/4/22,184951.81
2015/4/23,184534.54
2015/4/24,183866.05
2015/4/25,169046.55
2015/4/26,173411.03
2015/4/27,188746.16
2015/4/28,192544.99
2015/4/29,192717.88
2015/4/30,193538.62
2015/5/1,192803.26
2015/5/2,178485.84
2015/5/3,173419.4
2015/5/4,188023.64
2015/5/5,185751.05
2015/5/6,185675.37
2015/5/7,191332.23
2015/5/8,191744.43
2015/5/9,176289.84
2015/5/10,172890.4
2015/5/11,187576.11
2015/5/12,191578.73
2015/5/13,200554.28
2015/5/14,205365.23
2015/5/15,201008.41
2015/5/16,183946.45
2015/5/17,180337.28
2015/5/18,198952.08
2015/5/19,199198.68
2015/5/20,192342.31
2015/5/21,195485.98
2015/5/22,202491.43
2015/5/23,188434.19
2015/5/24,188028.4
2015/5/25,208455.13
2015/5/26,212776.78
2015/5/27,204904.2
2015/5/28,201746.16
2015/5/29,197947.99
2015/5/30,188003.91
2015/5/31,188253.35
2015/6/1,210725.76
2015/6/2,223686.18
2015/6/3,223369.69
2015/6/4,220954.17
2015/6/5,220667.24
2015/6/6,195100.8
2015/6/7,182966.36
2015/6/8,178607.27
2015/6/9,199093.02
2015/6/10,216369.05
2015/6/11,211132.77
2015/6/12,208142.62
2015/6/13,190772.92
2015/6/14,188480.92
2015/6/15,206327.91
2015/6/16,210224.83
2015/6/17,210414.15
2015/6/18,212935.65
2015/6/19,219695.91
2015/6/20,204487.91
2015/6/21,201893.67
2015/6/22,214761.87
2015/6/23,213126.61
2015/6/24,207404.64
2015/6/25,208421.86
2015/6/26,207868.58
2015/6/27,197439.09
2015/6/28,196037.59
2015/6/29,212169.71
2015/6/30,217822.17
2015/7/1,213539.47
2015/7/2,220668.87
2015/7/3,224179.57
2015/7/4,211398.69
2015/7/5,203270.09
2015/7/6,221395.37
2015/7/7,229316.46
2015/7/8,225109.88
2015/7/9,222051.1
2015/7/10,223823.52
2015/7/11,202132.22
2015/7/12,207888.49
2015/7/13,224953.94
2015/7/14,219277.25
2015/7/15,225593.64
2015/7/16,231697.92
2015/7/17,237002.35
2015/7/18,216635.18
2015/7/19,206095.41
2015/7/20,221042.76
2015/7/21,218428.23
2015/7/22,221230.3
2015/7/23,215648.81
2015/7/24,209599.32
2015/7/25,186347.18
2015/7/26,184897.66
2015/7/27,215335.83
2015/7/28,222326.73
2015/7/29,221822.87
2015/7/30,212883.15
2015/7/31,203850.38
2015/8/1,187866.72
2015/8/2,176650.74
2015/8/3,200674.72
2015/8/4,220147.79
2015/8/5,226394.23
2015/8/6,220914.33
2015/8/7,217925.01
2015/8/8,201896.73
2015/8/9,194725.98
2015/8/10,203707.22
2015/8/11,204765.61
2015/8/12,217788.47
2015/8/13,211515.2
2015/8/14,210384.07
2015/8/15,196875.15
2015/8/16,182635.65
2015/8/17,201152.72
2015/8/18,209291.26
2015/8/19,210820.53
2015/8/20,204593.48
2015/8/21,197374.88
2015/8/22,172847.49
2015/8/23,174540.43
2015/8/24,194603.66
2015/8/25,196247.85
2015/8/26,194912.44
2015/8/27,197771.92
2015/8/28,195818.87
2015/8/29,180608.01
2015/8/30,181113.44
2015/8/31,196375.93
2015/9/1,200381.94
2015/9/2,200567.1
2015/9/3,197625.64
2015/9/4,197100.1
2015/9/5,180352.81
2015/9/6,177716.85
2015/9/7,184861.57
2015/9/8,191704.23
2015/9/9,191136.51
2015/9/10,191676.58
2015/9/11,184883.16
2015/9/12,170088.11
2015/9/13,164438.44
2015/9/14,180197.32
2015/9/15,182226.95
2015/9/16,181990.5
2015/9/17,186679.28
2015/9/18,185686.92
2015/9/19,174315.99
2015/9/20,168979.29
2015/9/21,181669.73
2015/9/22,186693.71
2015/9/23,195584.55
2015/9/24,200267.51
2015/9/25,199453.01
2015/9/26,178815.3
2015/9/27,172515.02
2015/9/28,182612.88
2015/9/29,182271.43
2015/9/30,183140.04
2015/10/1,183512.01
2015/10/2,180712.83
2015/10/3,164363.1
2015/10/4,163897.91
2015/10/5,171478.7
2015/10/6,198228.78
2015/10/7,180407.98
2015/10/8,179552.08
2015/10/9,182475.28
2015/10/10,169995.04
2015/10/11,164924.7
2015/10/12,185040.46
2015/10/13,185837.64
2015/10/14,184139.34
2015/10/15,188006.98
2015/10/16,193489.93
2015/10/17,173840.56
2015/10/18,163676.04
2015/10/19,186888.32
2015/10/20,192802.27
2015/10/21,189776.06
2015/10/22,184035.68
2015/10/23,177366.71
2015/10/24,162405.6
2015/10/25,161153.28
2015/10/26,183214.54
2015/10/27,179841
2015/10/28,179937.13
2015/10/29,180088.88
2015/10/30,179044.67
2015/10/31,166485.7
2015/11/1,164205.96
2015/11/2,186677.73
2015/11/3,180173.39
2015/11/4,180568.8
2015/11/5,181411.07
2015/11/6,181025.14
2015/11/7,164862.57
2015/11/8,158370.05
2015/11/9,177345.15
2015/11/10,184407.82
2015/11/11,184221.15
2015/11/12,185583.57
2015/11/13,183848.78
2015/11/14,166780.07
2015/11/15,159735.12
2015/11/16,177404.37
2015/11/17,183486.53
2015/11/18,199674.85
2015/11/19,217550.03
2015/11/20,232108.53
2015/11/21,174742.65
2015/11/22,165037.32
2015/11/23,188074.37
2015/11/24,191693.74
2015/11/25,201963.13
2015/11/26,213674.79
2015/11/27,186750.39
2015/11/28,172991.82
2015/11/29,175975.55
2015/11/30,199825.52
2015/12/1,218286.11
2015/12/2,188259.81
2015/12/3,182878.82
2015/12/4,184592.09
2015/12/5,174270.38
2015/12/6,175255.19
2015/12/7,197994.93
2015/12/8,200969.59
2015/12/9,215022.01
2015/12/10,205917.68
2015/12/11,210352.15
2015/12/12,172030.37
2015/12/13,167413.02
2015/12/14,202067.93
2015/12/15,204748.56
2015/12/16,192635.29
2015/12/17,195788.28
2015/12/18,209350.64
2015/12/19,202746.23
2015/12/20,203884.52
2015/12/21,203820.95
2015/12/22,185241.96
2015/12/23,180676.32
2015/12/24,172991.87
2015/12/25,151021.58
2015/12/26,159316.17
2015/12/27,152384.75
2015/12/28,153062.24
2015/12/29,164594.05
2015/12/30,169446.61
2015/12/31,173747.52
2016/1/1,164757.84
2016/1/2,161635.84
2016/1/3,158876.85
2016/1/4,176414.86
2016/1/5,179025.31
2016/1/6,178761.77
2016/1/7,175759.68
2016/1/8,177881.45
2016/1/9,172073.52
2016/1/10,176358.02
2016/1/11,218092.38
2016/1/12,217610.89
2016/1/13,218850.54
2016/1/14,225128.76
2016/1/15,180177.01
2016/1/16,163475.79
2016/1/17,161976.05
2016/1/18,191410.79
2016/1/19,212834.1
2016/1/20,230436.4
2016/1/21,236032.83
2016/1/22,213969.95
2016/1/23,183237.45
2016/1/24,170538.79
2016/1/25,189279.94
2016/1/26,176083.25
2016/1/27,192866.49
2016/1/28,207409.4
2016/1/29,206412.3
2016/1/30,184925.75
2016/1/31,178366.57
2016/2/1,193023.27
2016/2/2,194516.56
2016/2/3,204916.03
2016/2/4,188969.2
2016/2/5,184144.32
2016/2/6,172619.07
2016/2/7,174094.46
2016/2/8,200591.61
2016/2/9,201571.4
2016/2/10,205385.69
2016/2/11,205503.11
2016/2/12,210955.16
2016/2/13,196657.49
2016/2/14,196639.37
2016/2/15,218769.61
2016/2/16,202995.99
2016/2/17,191960.29
2016/2/18,198101.19
2016/2/19,217224.46
2016/2/20,191729.34
2016/2/21,184892.77
2016/2/22,216025.2
2016/2/23,220337.53
2016/2/24,228071.15
2016/2/25,242033
2016/2/26,215674.84
2016/2/27,189363.53
2016/2/28,184844.48
2016/2/29,204501.11
2016/3/1,210096.83
2016/3/2,215159.51
2016/3/3,221170
2016/3/4,213755.5
2016/3/5,195649.59
2016/3/6,190492.84
2016/3/7,219147.16
2016/3/8,216472.65
2016/3/9,228225.17
2016/3/10,223377.15
2016/3/11,216508.81
2016/3/12,200857.45
2016/3/13,192315.47
2016/3/14,211466.75
2016/3/15,199323.78
2016/3/16,196539.3
2016/3/17,198462.23
2016/3/18,193430.69
2016/3/19,168729.69
2016/3/20,164346.08
2016/3/21,183626.44
2016/3/22,185499.19
2016/3/23,185852.45
2016/3/24,188771.9
2016/3/25,163678.24
2016/3/26,164528.59
2016/3/27,160101.89
2016/3/28,167354.48
2016/3/29,188918.08
2016/3/30,187095.45
2016/3/31,185201.29
2016/4/1,186315.78
2016/4/2,172541.09
2016/4/3,167399.29
2016/4/4,189407.2
2016/4/5,193660.09
2016/4/6,199118.59
2016/4/7,188821.93
2016/4/8,188719.79
2016/4/9,171140.09
2016/4/10,164288.76
2016/4/11,182046.1
2016/4/12,186164.59
2016/4/13,182583.11
2016/4/14,185001.18
2016/4/15,185283.06
2016/4/16,171649.33
2016/4/17,166025.27
2016/4/18,183332.36
2016/4/19,185754.08
2016/4/20,186178.77
2016/4/21,188719.96
2016/4/22,186563.04
2016/4/23,168712.94
2016/4/24,161775.87
2016/4/25,162412.17
2016/4/26,183539.47
2016/4/27,183831.02
2016/4/28,184494.45
2016/4/29,184838.01
2016/4/30,171397.82
2016/5/1,164313.81
2016/5/2,182124.39
2016/5/3,182182.17
2016/5/4,182448.16
2016/5/5,184893.31
2016/5/6,184752.45
2016/5/7,172129
2016/5/8,170294.3
2016/5/9,186131.6
2016/5/10,185162.62
2016/5/11,184068.59
2016/5/12,185108.67
2016/5/13,183871.63
2016/5/14,170942.7
2016/5/15,164041.15
2016/5/16,183251.67
2016/5/17,183817.94
2016/5/18,188477.86
2016/5/19,186040.29
2016/5/20,186381.56
2016/5/21,174856.94
2016/5/22,168098.74
2016/5/23,183951.89
2016/5/24,189160.85
2016/5/25,192624.64
2016/5/26,195958.06
2016/5/27,192727.32
2016/5/28,194317.66
2016/5/29,187275.47
2016/5/30,209192.08
2016/5/31,213490.17
2016/6/1,206890.78
2016/6/2,204318.95
2016/6/3,203946.12
2016/6/4,193975.45
2016/6/5,190372.14
2016/6/6,201545.89
2016/6/7,206455.38
2016/6/8,201135.49
2016/6/9,194205.67
2016/6/10,193769.2
2016/6/11,184388.22
2016/6/12,188629.04
2016/6/13,190974.73
2016/6/14,206658.26
2016/6/15,208877.14
2016/6/16,204872.63
2016/6/17,206011.05
2016/6/18,189647
2016/6/19,190963.46
2016/6/20,202446.96
2016/6/21,208064.6
2016/6/22,204390.59
2016/6/23,210752.58
2016/6/24,215035.25
2016/6/25,211315.17
2016/6/26,214953.79
2016/6/27,235502.51
2016/6/28,230206.8
2016/6/29,227936.89
2016/6/30,232196.5
2016/7/1,220779.24
2016/7/2,204278.29
2016/7/3,201471.95
2016/7/4,226253.93
2016/7/5,226432
2016/7/6,221772.68
2016/7/7,215792.88
2016/7/8,217344.36
2016/7/9,201044.63
2016/7/10,191885.91
2016/7/11,205884.38
2016/7/12,204952.37
2016/7/13,219428.15
2016/7/14,224870.75
2016/7/15,224490.67
2016/7/16,207591.38
2016/7/17,190494.04
2016/7/18,198603.19
2016/7/19,196956.2
2016/7/20,202922.27
2016/7/21,198978.28
2016/7/22,191196.63
2016/7/23,182166
2016/7/24,202153.75
2016/7/25,213167.41
2016/7/26,211984.76
2016/7/27,210175.92
2016/7/28,211547.38
2016/7/29,213338.1
2016/7/30,198600.35
2016/7/31,188742.65
2016/8/1,210787.07
2016/8/2,221325.57
2016/8/3,225295.63
2016/8/4,220586.83
2016/8/5,218965.52
2016/8/6,202626.25
2016/8/7,192998.21
2016/8/8,206092.49
2016/8/9,208090.47
2016/8/10,193473.38
2016/8/11,197741.52
2016/8/12,207315.64
2016/8/13,189518.24
2016/8/14,185427.42
2016/8/15,200578.42
2016/8/16,198646.23
2016/8/17,195486.49
2016/8/18,194467.75
2016/8/19,192612.12
2016/8/20,183500.41
2016/8/21,184064.71
2016/8/22,218785.92
2016/8/23,213221.03
2016/8/24,220219.18
2016/8/25,214025.72
2016/8/26,215072.33
2016/8/27,193323.38
2016/8/28,184942.25
2016/8/29,203606.95
2016/8/30,201414.67
2016/8/31,195026.11
2016/9/1,190917.07
2016/9/2,199031.67
2016/9/3,178263.84
2016/9/4,172772.41
2016/9/5,191833.5
2016/9/6,192375.43
2016/9/7,189384.41
2016/9/8,189203.27
2016/9/9,186717.97
2016/9/10,172744.43
2016/9/11,167537.25
2016/9/12,183984.88
2016/9/13,188979.92
2016/9/14,188123.12
2016/9/15,185234.83
2016/9/16,183323.47
2016/9/17,172558.19
2016/9/18,179652.09
2016/9/19,184012.11
2016/9/20,189374.85
2016/9/21,193836.94
2016/9/22,191266.89
2016/9/23,185509.05
2016/9/24,168924.04
2016/9/25,164373.52
2016/9/26,179785.33
2016/9/27,184039.58
2016/9/28,182359.73
2016/9/29,187514.37
2016/9/30,185644.62
2016/10/1,166241.19
2016/10/2,157733.85
2016/10/3,158880.75
2016/10/4,177122.15
2016/10/5,177395.18
2016/10/6,178069.03
2016/10/7,179614.69
2016/10/8,165737.13
2016/10/9,160526.02
2016/10/10,180735.48
2016/10/11,175059.18
2016/10/12,179200.53
2016/10/13,181311.77
2016/10/14,180378.79
2016/10/15,161276.25
2016/10/16,155978.76
2016/10/17,179568.01
2016/10/18,177410.12
2016/10/19,178704.71
2016/10/20,181495.89
2016/10/21,182409.06
2016/10/22,170148.06
2016/10/23,163761.72
2016/10/24,178315.84
2016/10/25,177606.99
2016/10/26,178612.27
2016/10/27,177032.51
2016/10/28,177031.94
2016/10/29,163387.8
2016/10/30,161276.6
2016/10/31,172674.5
2016/11/1,178001.22
2016/11/2,175712.85
2016/11/3,180490.89
2016/11/4,181362.45
2016/11/5,161080.39
2016/11/6,155046.42
2016/11/7,185769.76
2016/11/8,192560.41
2016/11/9,186288.89
2016/11/10,184179.39
2016/11/11,184497.63
2016/11/12,179036.97
2016/11/13,165740.32
2016/11/14,179401.74
2016/11/15,180024.92
2016/11/16,181131.71
2016/11/17,184477.48
2016/11/18,200222.68
2016/11/19,175240.47
2016/11/20,172580.88
2016/11/21,204158.6
2016/11/22,207644.43
2016/11/23,195937.68
2016/11/24,179853.81
2016/11/25,179456.24
2016/11/26,170644.12
2016/11/27,167902.44
2016/11/28,197369.87
2016/11/29,195605.83
2016/11/30,193463.98
2016/12/1,197256.09
2016/12/2,208726.38
2016/12/3,184242.65
2016/12/4,185269.94
2016/12/5,218570.39
2016/12/6,202195.57
2016/12/7,193314.67
2016/12/8,208033.82
2016/12/9,181681.14
2016/12/10,170117.8
2016/12/11,172151.24
2016/12/12,204595.24
2016/12/13,229225.99
2016/12/14,225539.77
2016/12/15,189919.93
2016/12/16,188882.47
2016/12/17,186008.91
2016/12/18,164429.59
2016/12/19,182434.74
2016/12/20,200896.98
2016/12/21,193428.24
2016/12/22,185131.14
2016/12/23,184980.69
2016/12/24,176395.47
2016/12/25,161713.1
2016/12/26,176738.73
2016/12/27,183290.34
2016/12/28,198156.4
2016/12/29,215225.02
2016/12/30,211605.34
2016/12/31,196841.64
2017/1/1,169975.78
2017/1/2,168635.75
2017/1/3,179733.82
2017/1/4,181044.41
2017/1/5,184900.83
2017/1/6,187663.31
2017/1/7,177921.54
2017/1/8,184984.06
2017/1/9,217829.46
2017/1/10,223253.88
2017/1/11,239133.31
2017/1/12,215134.92
2017/1/13,237709.03
2017/1/14,217240.28
2017/1/15,182932.94
2017/1/16,214457.98
2017/1/17,249646.66
2017/1/18,247450.71
2017/1/19,197857.36
2017/1/20,205125.3
2017/1/21,175809.88
2017/1/22,177602.39
2017/1/23,225784.57
2017/1/24,238322.22
2017/1/25,196851.54
2017/1/26,176445.24
2017/1/27,195630.91
2017/1/28,205916.32
2017/1/29,204722.07
2017/1/30,255099.6
2017/1/31,246773.86
2017/2/1,206360.84
2017/2/2,203125.82
2017/2/3,206556.65
2017/2/4,214189.74
2017/2/5,235330.42
2017/2/6,256710.98
2017/2/7,214248.96
2017/2/8,209406.33
2017/2/9,233133.92
2017/2/10,260090.15
2017/2/11,254018.56
2017/2/12,214251.07
2017/2/13,195056.99
2017/2/14,194811.53
2017/2/15,196245.86
2017/2/16,219003.81
2017/2/17,217104.17
2017/2/18,188827.39
2017/2/19,170536.04
2017/2/20,181999.79
2017/2/21,189426.05
2017/2/22,198893.29
2017/2/23,210721.26
2017/2/24,203825.56
2017/2/25,173539.02
2017/2/26,166998.96
2017/2/27,191615.23
2017/2/28,198346.63
2017/3/1,198133.83
2017/3/2,200592.25
2017/3/3,196847.8
2017/3/4,179572.47
2017/3/5,172185.83
2017/3/6,186889.02
2017/3/7,186731.42
2017/3/8,186495.51
2017/3/9,187093.94
2017/3/10,187261.21
2017/3/11,171976.96
2017/3/12,169333.93
2017/3/13,192854.77
2017/3/14,194849.19
2017/3/15,195964.26
2017/3/16,202086.17
2017/3/17,190453.34
2017/3/18,174710.62
2017/3/19,179723.78
2017/3/20,207469.75
2017/3/21,211055.11
2017/3/22,206148.83
2017/3/23,194756.64
2017/3/24,189174.77
2017/3/25,177080.79
2017/3/26,178312.66
2017/3/27,199948.85
2017/3/28,199634.1
2017/3/29,213172.53
2017/3/30,199689.34
2017/3/31,182241.85
2017/4/1,167533.18
2017/4/2,164163.26
2017/4/3,182824.76
2017/4/4,184743.72
2017/4/5,183861.25
2017/4/6,184547.25
2017/4/7,183977.98
2017/4/8,169910.77
2017/4/9,164520.91
2017/4/10,178862.01
2017/4/11,183408.4
2017/4/12,183608.91
2017/4/13,182117.89
2017/4/14,160907.12
2017/4/15,161453.75
2017/4/16,157443.18
2017/4/17,162154
2017/4/18,180659.64
2017/4/19,182091.81
2017/4/20,182547.17
2017/4/21,181728.04
2017/4/22,169934.55
2017/4/23,161733.73
2017/4/24,178306.79
2017/4/25,165530.76
2017/4/26,181945.41
2017/4/27,187840.2
2017/4/28,188318.22
2017/4/29,174508.23
2017/4/30,168369.19
2017/5/1,182690.26
2017/5/2,187410.43
2017/5/3,191013.06
2017/5/4,193174.69
2017/5/5,188748.59
2017/5/6,174002.81
2017/5/7,171207.17
2017/5/8,194486.96
2017/5/9,196995.26
2017/5/10,195706.06
2017/5/11,194851.79
2017/5/12,194979.51
2017/5/13,179839.85
2017/5/14,177168.8
2017/5/15,194599.25
2017/5/16,197545.7
2017/5/17,198629.43
2017/5/18,194595.19
2017/5/19,196349.19
2017/5/20,177608.23
2017/5/21,173581.05
2017/5/22,191141.09
2017/5/23,193765.9
2017/5/24,187905.61
2017/5/25,195449.08
2017/5/26,196491.61
2017/5/27,182044.26
2017/5/28,177443.75
2017/5/29,200118.08
2017/5/30,214748.42
2017/5/31,217022.43
2017/6/1,217915.75
2017/6/2,214703.05
2017/6/3,197969.24
2017/6/4,191557.41
2017/6/5,209961.89
2017/6/6,219281.88
2017/6/7,227742.76
2017/6/8,215682.46
2017/6/9,211006.35
2017/6/10,197088.03
2017/6/11,189644.58
2017/6/12,189268.84
2017/6/13,209823.81
2017/6/14,209103.92
2017/6/15,210385.03
2017/6/16,213115.23
2017/6/17,197620.89
2017/6/18,193797.11
2017/6/19,210656.97
2017/6/20,213255.66
2017/6/21,216684.47
2017/6/22,214139.28
2017/6/23,216295.03
2017/6/24,197751.94
2017/6/25,195704.44
2017/6/26,215183.71
2017/6/27,227654.41
2017/6/28,226120.14
2017/6/29,223381.72
2017/6/30,222804.81
2017/7/1,214342.66
2017/7/2,208930.19
2017/7/3,232084.45
2017/7/4,209981.26
2017/7/5,208180.19
2017/7/6,211932.14
2017/7/7,217898.75
2017/7/8,204917.08
2017/7/9,199641.63
2017/7/10,220603.93
2017/7/11,222828
2017/7/12,224370.96
2017/7/13,218588.8
2017/7/14,214831.61
2017/7/15,199867.29
2017/7/16,198757.39
2017/7/17,217430.81
2017/7/18,209812.97
2017/7/19,212460.81
2017/7/20,216585.31
2017/7/21,221851.84
2017/7/22,208585.37
2017/7/23,194351.58
2017/7/24,206195.9
2017/7/25,210821.86
2017/7/26,201397.7
2017/7/27,210853.62
2017/7/28,206498.13
2017/7/29,195161.7
2017/7/30,179992.44
2017/7/31,207185.66
2017/8/1,210557.58
2017/8/2,213391.22
2017/8/3,213934.78
2017/8/4,206845.01
2017/8/5,189069.5
2017/8/6,181090.7
2017/8/7,203224.67
2017/8/8,206749.56
2017/8/9,205869.88
2017/8/10,200264.49
2017/8/11,188829.05
2017/8/12,178713.66
2017/8/13,175856.34
2017/8/14,194913.77
2017/8/15,200627.48
2017/8/16,186149.07
2017/8/17,187397.6
2017/8/18,196612.78
2017/8/19,192631.58
2017/8/20,192196.99
2017/8/21,215777.78
2017/8/22,202769.77
2017/8/23,199524.27
2017/8/24,204405.92
2017/8/25,203956.48
2017/8/26,186605.55
2017/8/27,187644.81
2017/8/28,213289.33
2017/8/29,214218.09
2017/8/30,207649.18
2017/8/31,208102.93
2017/9/1,204874.29
2017/9/2,185289.38
2017/9/3,169892.75
2017/9/4,184930.31
2017/9/5,194657.96
2017/9/6,194470.58
2017/9/7,191652.8
2017/9/8,192303.68
2017/9/9,181261.11
2017/9/10,176058.93
2017/9/11,187106.79
2017/9/12,186114.13
2017/9/13,182039.75
2017/9/14,184322.47
2017/9/15,185383.34
2017/9/16,173873.51
2017/9/17,172206.77
2017/9/18,184320.17
2017/9/19,182666.26
2017/9/20,185694.53
2017/9/21,183200.23
2017/9/22,181751.98
2017/9/23,169041.22
2017/9/24,163399.68
2017/9/25,175971.28
2017/9/26,180663.69
2017/9/27,183375.41
2017/9/28,180786.99
2017/9/29,175958
2017/9/30,161864.16
2017/10/1,156083.16
2017/10/2,159975.18
2017/10/3,180130.82
2017/10/4,179081.36
2017/10/5,182750.63
2017/10/6,178414.53
2017/10/7,162988.56
2017/10/8,163068.33
2017/10/9,181751.08
2017/10/10,179763.49
2017/10/11,180784.6
2017/10/12,178766.33
2017/10/13,178601.08
2017/10/14,166969.35
2017/10/15,160026.82
2017/10/16,177352.59
2017/10/17,181458.12
2017/10/18,182698.33
2017/10/19,185388.21
2017/10/20,184262.94
2017/10/21,164887.07
2017/10/22,161375.78
2017/10/23,176020.91
2017/10/24,179809.93
2017/10/25,183888.18
2017/10/26,181697.64
2017/10/27,179823.7
2017/10/28,167965.81
2017/10/29,167529.59
2017/10/30,191176.79
2017/10/31,176970.92
2017/11/1,176701.09
2017/11/2,178623.31
2017/11/3,181730.24
2017/11/4,167655.73
2017/11/5,165295.58
2017/11/6,181780.67
2017/11/7,178095.14
2017/11/8,178660.02
2017/11/9,179342.07
2017/11/10,179349.98
2017/11/11,167564.13
2017/11/12,161383.75
2017/11/13,181310.48
2017/11/14,181355.5
2017/11/15,184641.04
2017/11/16,186362.99
2017/11/17,185429.27
2017/11/18,169726.59
2017/11/19,162152.43
2017/11/20,180510.72
2017/11/21,182708
2017/11/22,183120.09
2017/11/23,187365.77
2017/11/24,190388.86
2017/11/25,177716.85
2017/11/26,175281.17
2017/11/27,193761.76
2017/11/28,197178.04
2017/11/29,199133.35
2017/11/30,203875.36
2017/12/1,206659.83
2017/12/2,178362.21
2017/12/3,164047.32
2017/12/4,183781.09
2017/12/5,183484.76
2017/12/6,182629.77
2017/12/7,191160.47
2017/12/8,188789.72
2017/12/9,171384.09
2017/12/10,168977
2017/12/11,194647.87
2017/12/12,203429.5
2017/12/13,215605.53
2017/12/14,233227.22
2017/12/15,209736.39
2017/12/16,205783.87
2017/12/17,188037.45
2017/12/18,220335.9
2017/12/19,242313.58
2017/12/20,234284.21
2017/12/21,195806.98
2017/12/22,193196.37
2017/12/23,192359.9
2017/12/24,193919.52
2017/12/25,151231.35
2017/12/26,155673.74
2017/12/27,176798.21
2017/12/28,192689.76
2017/12/29,205731.47
2017/12/30,190081.36
2017/12/31,171512.72
2018/1/1,176748.16
2018/1/2,189351.07
2018/1/3,180041.05
2018/1/4,181265.53
2018/1/5,192394.96
2018/1/6,202235.27
2018/1/7,222727.72
2018/1/8,228791.34
2018/1/9,212730.33
2018/1/10,191430.58
2018/1/11,196562.37
2018/1/12,218092.37
2018/1/13,198495.06
2018/1/14,162365.69
2018/1/15,180765.69
2018/1/16,182160.45
2018/1/17,182189.09
2018/1/18,193506.87
2018/1/19,207592.08
2018/1/20,195030.72
2018/1/21,197786.39
2018/1/22,227772.78
2018/1/23,219055.03
2018/1/24,224588.66
2018/1/25,217005.53
2018/1/26,200748.75
2018/1/27,206869.91
2018/1/28,200725.91
2018/1/29,222242.42
2018/1/30,223922.36
2018/1/31,187620.73
2018/2/1,181004.42
2018/2/2,181538.41
2018/2/3,168542.18
2018/2/4,166877.39
2018/2/5,190636.38
2018/2/6,197158.71
2018/2/7,201981.99
2018/2/8,212040.18
2018/2/9,217960.03
2018/2/10,204534.09
2018/2/11,187852.73
2018/2/12,211197.59
2018/2/13,217203.92
2018/2/14,233755.21
2018/2/15,216723.72
2018/2/16,206015.73
2018/2/17,191550.16
2018/2/18,197959.44
2018/2/19,208309.78
2018/2/20,187401.84
2018/2/21,187954.35
2018/2/22,193610.06
2018/2/23,203615.77
2018/2/24,205848.53
2018/2/25,180972.11
2018/2/26,185222.04
2018/2/27,186663.42
2018/2/28,194936.41
2018/3/1,196528.2
2018/3/2,192887.9
2018/3/3,189478.75
2018/3/4,180494.25
2018/3/5,193867.95
2018/3/6,186004.24
2018/3/7,185453.52
2018/3/8,187027.55
2018/3/9,187574.08
2018/3/10,172485.33
2018/3/11,170917.44
2018/3/12,187747.28
2018/3/13,190845.24
2018/3/14,194969.86
2018/3/15,205177.29
2018/3/16,196677.48
2018/3/17,192576.05
2018/3/18,203792.39
2018/3/19,211542.03
2018/3/20,198754.7
2018/3/21,186422.42
2018/3/22,184360.95
2018/3/23,184013.77
2018/3/24,172304.41
2018/3/25,172586.73
2018/3/26,179398.13
2018/3/27,180648.26
2018/3/28,188808.21
2018/3/29,194577.96
2018/3/30,175147.78
2018/3/31,169597.75
2018/4/1,169873.77
2018/4/2,175797.98
2018/4/3,186875.28
2018/4/4,188813.26
2018/4/5,194825.07
2018/4/6,190475.13
2018/4/7,178778.1
2018/4/8,173541.46
2018/4/9,191845.53
2018/4/10,188908.34
2018/4/11,194250.92
2018/4/12,200555.68
2018/4/13,200972.28
2018/4/14,177068.95
2018/4/15,158817.56
2018/4/16,181770.62
2018/4/17,183571.26
2018/4/18,183000.67
2018/4/19,184404.12
2018/4/20,183285.27
2018/4/21,167908.53
2018/4/22,164207.2
2018/4/23,181641.9
2018/4/24,182491.13
2018/4/25,166526.76
2018/4/26,180419.5
2018/4/27,179759.38
2018/4/28,170214.76
2018/4/29,166350.71
2018/4/30,183387.2
2018/5/1,185303.92
2018/5/2,186517.22
2018/5/3,184790.95
2018/5/4,181208.89
2018/5/5,169604.87
2018/5/6,168208.93
2018/5/7,183152.75
2018/5/8,187436.67
2018/5/9,184159.29
2018/5/10,186206.12
2018/5/11,194447.75
2018/5/12,185866.62
2018/5/13,179805.01
2018/5/14,192157.34
2018/5/15,196100.87
2018/5/16,199325.49
2018/5/17,200622.62
2018/5/18,198833.55
2018/5/19,186234.2
2018/5/20,180422.5
2018/5/21,192094.18
2018/5/22,193846.92
2018/5/23,194376.98
2018/5/24,197649.28
2018/5/25,195729.11
2018/5/26,183388.17
2018/5/27,179988.06
2018/5/28,196744.97
2018/5/29,197487.67
2018/5/30,202812.13
2018/5/31,208702.56
2018/6/1,212722.7
2018/6/2,200758.91
2018/6/3,186497.86
2018/6/4,203641.63
2018/6/5,211541.73
2018/6/6,210444.44
2018/6/7,204480.94
2018/6/8,209242.84
2018/6/9,196282.11
2018/6/10,187766.28
2018/6/11,186899.75
2018/6/12,212929.6
2018/6/13,209715.91
2018/6/14,210153.23
2018/6/15,208305.25
2018/6/16,198860.03
2018/6/17,201319.58
2018/6/18,224080.54
2018/6/19,231699.88
2018/6/20,217221.91
2018/6/21,221353.02
2018/6/22,219061.06
2018/6/23,206954
2018/6/24,205861.42
2018/6/25,223534.92
2018/6/26,226069.1
2018/6/27,224137.21
2018/6/28,221914.72
2018/6/29,221725.19
2018/6/30,202788.76
2018/7/1,204690.6
2018/7/2,218767.68
2018/7/3,217245.8
2018/7/4,210805.68
2018/7/5,201801.54
2018/7/6,194765.04
2018/7/7,195329.39
2018/7/8,193281.15
2018/7/9,212691.98
2018/7/10,220752.73
2018/7/11,221864.42
2018/7/12,221116.26
2018/7/13,219250.72
2018/7/14,208636.35
2018/7/15,208244.91
2018/7/16,228728.35
2018/7/17,215272.98
2018/7/18,204874.6
2018/7/19,212648.12
2018/7/20,212456.16
2018/7/21,202579.92
2018/7/22,204656.26
2018/7/23,219094.79
2018/7/24,203768.4
2018/7/25,202144.06
2018/7/26,207211.84
2018/7/27,206745.99
2018/7/28,195697.74
2018/7/29,178116.54
2018/7/30,200717.27
2018/7/31,207947.34
2018/8/1,202379.15
2018/8/2,207766.86
2018/8/3,200743.92
2018/8/4,185959.05
2018/8/5,183598.48
2018/8/6,206356.99
2018/8/7,207130.24
2018/8/8,208373.83
2018/8/9,206573.06
2018/8/10,202403.2
2018/8/11,181017.66
2018/8/12,185501.41
2018/8/13,202970.43
2018/8/14,200964.1
2018/8/15,193959.25
2018/8/16,191604.88
2018/8/17,201403
2018/8/18,188704.05
2018/8/19,190377.99
2018/8/20,210437.64
2018/8/21,210351.14
2018/8/22,208498.17
2018/8/23,209052.91
2018/8/24,202714.54
2018/8/25,191274.78
2018/8/26,191320.96
2018/8/27,212042.07
2018/8/28,213233.96
2018/8/29,213236.46
2018/8/30,213603.96
2018/8/31,212546.63
2018/9/1,182813.7
2018/9/2,187110.44
2018/9/3,209873.45
2018/9/4,204864.9
2018/9/5,203211.41
2018/9/6,200500.73
2018/9/7,190720.06
2018/9/8,188849.85
2018/9/9,171185.96
2018/9/10,186210.11
2018/9/11,186035.6
2018/9/12,179975.24
2018/9/13,180676.94
2018/9/14,180376.14
2018/9/15,169156.23
2018/9/16,167169.84
2018/9/17,188047.76
2018/9/18,182347.38
2018/9/19,179258.84
2018/9/20,187126.54
2018/9/21,186311.21
2018/9/22,172711.28
2018/9/23,166716.26
2018/9/24,191270
2018/9/25,192551.39
2018/9/26,198279.24
2018/9/27,188185.71
2018/9/28,180077.96
2018/9/29,165411.77
2018/9/30,163915.71
2018/10/1,161434.03
2018/10/2,178448.83
2018/10/3,182888.83
2018/10/4,187922.2
2018/10/5,191738.63
2018/10/6,174551.13
2018/10/7,169727.46
2018/10/8,179677.9
2018/10/9,181240.03
2018/10/10,186994.43
2018/10/11,188672.23
2018/10/12,188142.93
2018/10/13,172649.37
2018/10/14,164353.78
2018/10/15,180890.87
2018/10/16,180932.69
2018/10/17,184207.75
2018/10/18,183302.15
2018/10/19,179709.22
2018/10/20,170241.55
2018/10/21,162549.19
2018/10/22,176085.68
2018/10/23,182259.47
2018/10/24,178807.17
2018/10/25,178119.3
2018/10/26,177210.28
2018/10/27,164628.27
2018/10/28,163250.71
2018/10/29,177963.93
2018/10/30,180727.25
2018/10/31,184327.84
2018/11/1,194097.06
2018/11/2,209965.27
2018/11/3,185627.01
2018/11/4,170356.51
2018/11/5,191805.71
2018/11/6,204517.64
2018/11/7,194323
2018/11/8,175549.04
2018/11/9,172984.27
2018/11/10,162427.26
2018/11/11,158801.66
2018/11/12,178886.6
2018/11/13,186012.22
2018/11/14,185495.69
2018/11/15,182388.52
2018/11/16,177853.37
2018/11/17,164702.07
2018/11/18,158685.26
2018/11/19,174822.59
2018/11/20,181082.73
2018/11/21,185736.81
2018/11/22,174975.6
2018/11/23,168650.61
2018/11/24,157877.96
2018/11/25,158832.66
2018/11/26,176629.8
2018/11/27,183920.56
2018/11/28,185966.15
2018/11/29,179233.47
2018/11/30,177505.86
2018/12/1,170713.8
2018/12/2,171912.52
2018/12/3,182501.33
2018/12/4,184842.78
2018/12/5,181573.22
2018/12/6,186424.96
2018/12/7,187874.51
2018/12/8,181657.48
2018/12/9,182049.15
2018/12/10,197386.13
2018/12/11,189959.62
2018/12/12,190218.32
2018/12/13,197095.43
2018/12/14,191438.62
2018/12/15,183750.67
2018/12/16,183808.01
2018/12/17,206008.65
2018/12/18,201475.07
2018/12/19,199347.94
2018/12/20,208886.31
2018/12/21,185584.41
2018/12/22,164284.64
2018/12/23,157989.21
2018/12/24,167593.18
2018/12/25,164531.06
2018/12/26,178804.42
2018/12/27,202639.83
2018/12/28,210383.05
2018/12/29,203588.41
2018/12/30,201160.1
2018/12/31,202530
2019/1/1,198695.08
2019/1/2,209829.12
2019/1/3,206621.09
2019/1/4,220667.09
2019/1/5,206326.41
2019/1/6,166634.29
2019/1/7,186035.55
2019/1/8,205724.96
2019/1/9,205109.09
2019/1/10,193778.41
2019/1/11,199161.78
2019/1/12,202669.95
2019/1/13,184593.32
2019/1/14,218933.99
2019/1/15,239717.32
2019/1/16,247537.43
2019/1/17,249774.25
2019/1/18,251826.12
2019/1/19,204858.18
2019/1/20,187205.33
2019/1/21,213203.23
2019/1/22,234111.3
2019/1/23,224104.47
2019/1/24,216031.22
2019/1/25,245187.69
2019/1/26,233258.65
2019/1/27,213847.2
2019/1/28,202462.65
2019/1/29,238747.94
2019/1/30,238310.63
2019/1/31,239098.09
2019/2/1,193003.83
2019/2/2,187857.92
2019/2/3,201425.38
2019/2/4,228929.56
2019/2/5,217961.98
2019/2/6,218755.28
2019/2/7,222932.74
2019/2/8,217356.73
2019/2/9,188616.89
2019/2/10,168380.28
2019/2/11,196338.96
2019/2/12,215987.31
2019/2/13,192487.96
2019/2/14,188716.55
2019/2/15,190472.84
2019/2/16,180637.17
2019/2/17,187630.3
2019/2/18,218041.95
2019/2/19,208085.32
2019/2/20,194815.75
2019/2/21,193472.5
2019/2/22,185716.4
2019/2/23,168760.2
2019/2/24,163378.39
2019/2/25,185334.61
2019/2/26,191203.64
2019/2/27,194217.24
2019/2/28,201381.92
2019/3/1,201421.37
2019/3/2,185972.46
2019/3/3,185803.49
2019/3/4,211500.85
2019/3/5,213574.66
2019/3/6,205864.56
2019/3/7,185332.7
2019/3/8,197125.34
2019/3/9,181515.96
2019/3/10,184860.55
2019/3/11,203390.54
2019/3/12,211369.31
2019/3/13,193829.56
2019/3/14,198999.31
2019/3/15,184694.57
2019/3/16,172059.68
2019/3/17,171018.14
2019/3/18,183684.38
2019/3/19,188668.17
2019/3/20,191934.12
2019/3/21,192682.08
2019/3/22,189330.57
2019/3/23,175566
2019/3/24,180910.62
2019/3/25,189185.44
2019/3/26,181778.17
2019/3/27,183133.8
2019/3/28,187579.16
2019/3/29,188722.79
2019/3/30,169741.81
2019/3/31,157158.33
2019/4/1,178900.19
2019/4/2,183547.19
2019/4/3,183252.2
2019/4/4,185823.57
2019/4/5,184696.26
2019/4/6,170383.69
2019/4/7,168161.23
2019/4/8,188671.63
2019/4/9,184687.95
2019/4/10,181388.47
2019/4/11,184059.62
2019/4/12,182769.07
2019/4/13,168766.42
2019/4/14,163690.68
2019/4/15,177162.8
2019/4/16,181139.28
2019/4/17,183395.17
2019/4/18,182275.42
2019/4/19,163312.41
2019/4/20,163217.79
2019/4/21,159796.59
2019/4/22,164309.44
2019/4/23,179641.75
2019/4/24,178497
2019/4/25,164491.85
2019/4/26,172371.01
2019/4/27,165520.19
2019/4/28,163330.78
2019/4/29,183362.53
2019/4/30,185600.1
2019/5/1,187499.92
2019/5/2,188424.73
2019/5/3,187618.17
2019/5/4,172167.62
2019/5/5,168712.88
2019/5/6,184132.45
2019/5/7,188492.53
2019/5/8,188785.91
2019/5/9,193012.06
2019/5/10,200065.85
2019/5/11,182382.42
2019/5/12,177967.1
2019/5/13,192138.27
2019/5/14,191863.42
2019/5/15,193104.59
2019/5/16,193444.31
2019/5/17,189613.38
2019/5/18,176495.52
2019/5/19,173634.73
2019/5/20,190232.58
2019/5/21,187411.93
2019/5/22,189265.1
2019/5/23,188440.82
2019/5/24,187456.44
2019/5/25,173813.17
2019/5/26,169647.11
2019/5/27,199927.87
2019/5/28,206298.01
2019/5/29,204294.18
2019/5/30,212460.16
2019/5/31,214827.46
2019/6/1,197610.93
2019/6/2,190404.47
2019/6/3,208601.66
2019/6/4,230353.94
2019/6/5,225232.77
2019/6/6,218189.09
2019/6/7,214811.21
2019/6/8,204351.1
2019/6/9,181474.86
2019/6/10,179114.33
2019/6/11,195262.26
2019/6/12,196974.31
2019/6/13,194159.21
2019/6/14,200666.72
2019/6/15,193233.3
2019/6/16,196965.47
2019/6/17,211546.32
2019/6/18,209159.68
2019/6/19,212904.17
2019/6/20,226354.68
2019/6/21,228420.59
2019/6/22,219126.51
2019/6/23,214245.61
2019/6/24,226586.07
2019/6/25,220183.44
2019/6/26,215310.79
2019/6/27,212314.47
2019/6/28,207144.94
2019/6/29,192708.51
2019/6/30,187023.22
2019/7/1,216582.12
2019/7/2,217754.41
2019/7/3,218525.62
2019/7/4,213207.54
2019/7/5,208747.94
2019/7/6,192482.8
2019/7/7,189208.02
2019/7/8,204232.29
2019/7/9,207803.08
2019/7/10,213012.24
2019/7/11,208916.3
2019/7/12,204242.47
2019/7/13,197786.13
2019/7/14,201384.32
2019/7/15,211798.05
2019/7/16,213511.12
2019/7/17,208136.84
2019/7/18,207647.4
2019/7/19,210196.55
2019/7/20,196464.05
2019/7/21,185244.45
2019/7/22,201055.23
2019/7/23,198277.89
2019/7/24,200895.76
2019/7/25,210587.66
2019/7/26,212944
2019/7/27,193340.3
2019/7/28,190552.95
2019/7/29,210114.61
2019/7/30,214227.08
2019/7/31,214811.27
2019/8/1,209024.1
2019/8/2,209443.87
2019/8/3,193735.17
2019/8/4,191874.17
2019/8/5,203235.63
2019/8/6,207507.33
2019/8/7,205223.58
2019/8/8,206159.63
2019/8/9,206926.2
2019/8/10,204596.87
2019/8/11,205507.94
2019/8/12,214366.34
2019/8/13,217377.92
2019/8/14,216606.26
2019/8/15,209265.88
2019/8/16,202422.36
2019/8/17,184689.44
2019/8/18,176815.36
2019/8/19,198245.09
2019/8/20,204499.84
2019/8/21,195661.69
2019/8/22,200244.65
2019/8/23,204903.66
2019/8/24,181243.2
2019/8/25,176076.23
2019/8/26,202293.04
2019/8/27,201711.73
2019/8/28,196508.09
2019/8/29,215318.16
2019/8/30,215970.77
2019/8/31,191577.82
2019/9/1,174260.81
2019/9/2,188723
2019/9/3,185789.43
2019/9/4,184515.9
2019/9/5,183524.07
2019/9/6,182410.74
2019/9/7,172601.74
2019/9/8,171347.54
2019/9/9,193490.29
2019/9/10,199462.57
2019/9/11,191897.12
2019/9/12,189499.63
2019/9/13,182030.64
2019/9/14,169151.35
2019/9/15,162241.53
2019/9/16,177903.06
2019/9/17,206053.42
2019/9/18,196382.37
2019/9/19,185453.93
2019/9/20,178974.39
2019/9/21,166539.5
2019/9/22,158355.18
2019/9/23,174779
2019/9/24,178784.63
2019/9/25,178996.33
2019/9/26,180074.34
2019/9/27,173324.39
2019/9/28,162924.14
2019/9/29,159769.6
2019/9/30,179625.96
2019/10/1,180377.86
2019/10/2,174873.32
2019/10/3,176951.33
2019/10/4,175198.72
2019/10/5,166934.64
2019/10/6,157355.77
2019/10/7,159257.57
2019/10/8,176225.99
2019/10/9,174696.44
2019/10/10,175375.08
2019/10/11,179907.28
2019/10/12,173998.67
2019/10/13,162594.75
2019/10/14,175210.78
2019/10/15,175391.59
2019/10/16,178657.65
2019/10/17,174130.22
2019/10/18,168355.09
2019/10/19,159283.08
2019/10/20,155496.35
2019/10/21,173376.37
2019/10/22,174714.09
2019/10/23,177559.06
2019/10/24,182267.83
2019/10/25,190761.12
2019/10/26,167996.28
2019/10/27,153918.22
2019/10/28,172429.42
2019/10/29,175645.22
2019/10/30,182117.25
2019/10/31,187733.49
2019/11/1,185194.73
2019/11/2,173698.59
2019/11/3,171684.15
2019/11/4,178072.2
2019/11/5,175454.5
2019/11/6,170173.89
2019/11/7,180004.28
2019/11/8,179899.3
2019/11/9,156252.98
2019/11/10,154383.26
2019/11/11,175209.01
2019/11/12,189027.14
2019/11/13,170453.63
2019/11/14,175357.8
2019/11/15,180129.21
2019/11/16,162876.57
2019/11/17,160357.78
2019/11/18,177122.65
2019/11/19,192311.09
2019/11/20,185708.12
2019/11/21,201742.53
2019/11/22,193652.89
2019/11/23,173215.07
2019/11/24,167020.92
2019/11/25,190533.33
2019/11/26,192602.9
2019/11/27,174451.14
2019/11/28,183168.66
2019/11/29,194872.88
2019/11/30,170580.62
2019/12/1,160412.65
2019/12/2,171809.6
2019/12/3,173966.9
2019/12/4,180056.85
2019/12/5,189934.53
2019/12/6,190043.68
2019/12/7,171386.36
2019/12/8,166100.69
2019/12/9,196854.04
2019/12/10,206853.16
2019/12/11,186126.26
2019/12/12,182964.72
2019/12/13,180388.17
2019/12/14,173982.02
2019/12/15,177241.82
2019/12/16,184356.78
2019/12/17,185161.78
2019/12/18,192686.9
2019/12/19,211408.65
2019/12/20,196036.53
2019/12/21,199825.51
2019/12/22,163798.2
2019/12/23,174642.33
2019/12/24,180616.25
2019/12/25,158914.89
2019/12/26,166741.52
2019/12/27,180083.48
2019/12/28,184621.04
2019/12/29,185843.32
2019/12/30,199630.17
2019/12/31,204069.25
